S.No,Year,State,Registration No,Association name,Address,Amount of FC Received
1,2011-2012,Jammu & Kashmir,152670002,Alexander Memorial High School Project,Residency Road JammuJ&K-,0.00
2,2011-2012,Jammu & Kashmir,152710030,All Ladakh Social Welfare Society,Housing Colony Group B/H.No. 167 LehJ & K-194101,155208.00
3,2011-2012,Jammu & Kashmir,152710028,Basgo Welfare Committee Basgo,B.P.O-Basgo LehJammu & Kashmir-194101,0.00
4,2011-2012,Jammu & Kashmir,152680015,Border Area Development Organization Kargil,Akwoou Corpleu Main Rood Poyen KargilPoyen194103,0.00
5,2011-2012,Jammu & Kashmir,152750004,Catholic Social Service Society,Seva Niketan Kunjwani Bye Pass JammuJammu & Kashmir-,13853467.81
6,2011-2012,Jammu & Kashmir,152750015,Centre for Slum Development,New National Hotel Kahna Khan Dalgate SrinagarJammu and Kashmir-190001,0.00
7,2011-2012,Jammu & Kashmir,152710036,Centre for Sustainable Development and Food Security in Ladakh,PO Box No.53 Serdung House Chubi-Leh Ladakh(Jammu and Kashmir)-194101,4683201.00
8,2011-2012,Jammu & Kashmir,152750028,CHILD NURTURE AND REIELF KASHMIR CHINAR Kashmir,Guru Lane Opposite Ply Emporium Barzulla SrinagarSrinagar190005,384375.00
9,2011-2012,Jammu & Kashmir,152710018,Child Welfare Society,P.B.No. 135 Leh LadakhJammu & Kashmir-194101,1959458.00
10,2011-2012,Jammu & Kashmir,152710014,Chumur Cultural And Welfare Society,Chumur Gompa  C/o Hotel Lingzi East Leh - LadakhJammu & Kashmir-194101,8577410.00
11,2011-2012,Jammu & Kashmir,152670024,CMI Service Society,Yesupal Ashram 7A Sector 4 Extn Trikutanagar JammuJammu and Kashmir-180012,0.00
12,2011-2012,Jammu & Kashmir,152750003,Dar-Ul- Fazl Childrens Home,P.O Box 54 Manali Dist: KulluHimachal Pradesh -175131,9786431.00
13,2011-2012,Jammu & Kashmir,152670008,Diocese of Jammu - Srinagar St. Mary's Church, Jammu CanttJammu & Kashmir-,29785912.00
14,2011-2012,Jammu & Kashmir,152710032,Drigung Dharma Foundation,Phyang District LehJammu and Kashmir-194101,0.00
15,2011-2012,Jammu & Kashmir,152710045,Drikung Kagyu Cultural and Welfare Society,Gaon GonpaPheyang194101,0.00
16,2011-2012,Jammu & Kashmir,152710054,Druk Pema Karpo Educational Society,Hemis ComplexLeh194101,0.00
17,2011-2012,Jammu & Kashmir,152760001,Emmanuel Mission Hostel, RamnagarJ&K-182122,846232.00
18,2011-2012,Jammu & Kashmir,152750023,Global Green Peace,15/1 Poloview SrinagarJammu and Kashmir-190001,0.00
19,2011-2012,Jammu & Kashmir,152710031,Gyudzin Tantric Monastery (Phey),Phey PO Box No. 85 Leh Ladakh DistrictJammu and Kashmir-194101,4777326.00
20,2011-2012,Jammu & Kashmir,152750014,Help Foundation,16-A Gogji Bagh Srinagar(Kashmir)Jammu &  Kashmir-190008,3387822.00
21,2011-2012,Jammu & Kashmir,152740004,Himalayan Voice,Ward No.7 RajouriJammu and Kashmir-185131,80000.00
22,2011-2012,Jammu & Kashmir,152710022,His Holiness The Cyalwa Karumpu Welfare Society,P.o Box No.81 CPO Leh LadakhJ&K-,3381900.00
23,2011-2012,Jammu & Kashmir,152610003,Human Welfare Foundation,310 Room No. Lone Building K.P. RoadAnantnag192101,221125.00
24,2011-2012,Jammu & Kashmir,152610005,HUMANITY WELFARE ORGANIZATION HELP LINE,National Highway Road BijbeharaAnantnag192124,0.00
25,2011-2012,Jammu & Kashmir,152710039,Imamiya Mission Educational and Social Welfare Society,Chuchot PO Box No.32Leh Ladakh194101,200000.00
26,2011-2012,Jammu & Kashmir,152750006,Iqbal Memorial Trust,Iqbalabad Bemina  SrinagarJammu & Kashmir-,917763.25
27,2011-2012,Jammu & Kashmir,152640002,ISLAMIC RELIEF AND RESEARCH TRUST KASHMIR,ALAMDAR BAGH GOPALPORACHADOORA191113,75000.00
28,2011-2012,Jammu & Kashmir,152730002,ISLAMIC UNIVERSITY OF SCIENCE AND TECHNOLOGY,ONE UNIVERSITY AVENUE AWANTIPORAPULWAMA192122,0.00
29,2011-2012,Jammu & Kashmir,152750018,J & K Yateem Foundation,8- Top Floor Auqaf Building Budshah Chowk SgrSrinagar (J&K)-190001,17500997.60
30,2011-2012,Jammu & Kashmir,152750024,J and K Habakhatoon Foundation,103-Hotel Mazda BoulevardNehru Park190001,0.00
31,2011-2012,Jammu & Kashmir,152760008,J&K Destitute Handicapped Welfare Association,Khan Ramnagar UdhampurJ&K.-,0.00
32,2011-2012,Jammu & Kashmir,152750012,Jammu  & Kashmir  Yateem Trust  Srinagar,Red Cross Road Maisooma SrinagarJammu & Kashmir -190001,26469371.86
33,2011-2012,Jammu & Kashmir,152670010,Jammu & Kashmir Presentation Society,Gandhi Nagar JammuJammu & Kashmir-,0.00
34,2011-2012,Jammu & Kashmir,152670015,Jammu & Kashmir Women Society,70 (a) 2 - A Extn Gandhi Nagar Jammu Jammu & Kashmir-180004,0.00
35,2011-2012,Jammu & Kashmir,152670017,Jay  Kay Women Welfare Society,299 Nai Basti Satwari Jammu Cantt Jammu TawiJ & K-,2426769.00
36,2011-2012,Jammu & Kashmir,152610001,John Bishop Memorial Hospital,Sarnal AnantnagJ&K-,0.00
37,2011-2012,Jammu & Kashmir,152680010,Kargil Development Project,Greenland Campus Near TRC Kargil (J&K) -194103,2736937.00
38,2011-2012,Jammu & Kashmir,152680008,Kargil Educational Society,Main Bazar- Kargil KargilJammu & Kashmir-194103,1652603.00
39,2011-2012,Jammu & Kashmir,152710050,KARMA DUPGYUD CHOELING CULTURAL AND WELARE ASSOCIATION,P.O BOX 10LEH LADAKH194101,493172.00
40,2011-2012,Jammu & Kashmir,152680011,Karsha Gonpa Cultural & Welfare Society,Karsha Zanskar BPO Padum Kargil (Jammu and Kashmir) -194102,0.00
41,2011-2012,Jammu & Kashmir,152760002,Kashmir Evangelical Fellowship, UdhampurJammu & Kashmir-182101,17189942.00
42,2011-2012,Jammu & Kashmir,152610004,Kashmir Research Institute of Education and Solar Technology,P.O. Box 68 HPOAnantnag192101,0.00
43,2011-2012,Jammu & Kashmir,152670016,Krist  Jyoti Social  Welfare Society,Chak Manga Samba Jammu TawiJammu & Kashmir-,163000.00
44,2011-2012,Jammu & Kashmir,152710024,Ladakh Buddhist Association,Chokhang Vehara Leh-LadakhJammu and Kashmir-194101,738858.00
45,2011-2012,Jammu & Kashmir,152710007,Ladakh Ecological Developmental Group,Karzoo  Leh - LadakhJammu & Kashmir-194101,4636501.00
46,2011-2012,Jammu & Kashmir,152710042,LADAKH EFTERSKOLE WELFARE SOCIETY,PHAYANG LEH LADAKHLEH194101,1220486.00
47,2011-2012,Jammu & Kashmir,152710013,Ladakh Environment and Health Organisation,Himalya Hostel Complex Leh - LadakhJammu & Kashmir-,2877045.00
48,2011-2012,Jammu & Kashmir,152710019,Ladakh Heart Foundation,PO-Box No. 150 Polo Ground Leh Ladakh Jammu & Kashmir-194101,1387699.00
49,2011-2012,Jammu & Kashmir,152710047,Ladakh Institute of Prevention,Dambuchan Leh-Ladakh Pin 194101Leh194101,2735729.00
50,2011-2012,Jammu & Kashmir,152710023,Ladakh Nuns Association,C/O G.H. Airport Road Lower Skara Leh LadakhJammu & Kashmir-194101,2184601.00
51,2011-2012,Jammu & Kashmir,152710049,Ladakh Organic Farmers Foundation,Chuchot Shamma Leh LadakhChuchot194104,0.00
52,2011-2012,Jammu & Kashmir,152710034,Ladakh Society for Traditional Medicines,Rizong Labrang Leh PO Box 97 Ladakh (J & K) -,4778153.06
53,2011-2012,Jammu & Kashmir,152710040,LAMAURU CULTURAL AND WELFARE SOCIETY,URU GONPA LADAKHLEH194106,58174.00
54,2011-2012,Jammu & Kashmir,152680013,Lamdon Model High School,Padum Zanskar Kargil (Ladakh) PadumJammu and Kashmir-194302,5943217.00
55,2011-2012,Jammu & Kashmir,152710025,Lamdon Model Senior Secondary School,P.O.Box No.1 Leh-LadakhJammu & Kashmir-194101,17348312.19
56,2011-2012,Jammu & Kashmir,152680016,Lamdon Social Welfare Society,WakhaMulbekh941909,4455802.29
57,2011-2012,Jammu & Kashmir,152710008,Lamdon Social Welfare Society,P. Box 1 Leh Ladakh Jammu & Kashmir-194101,0.00
58,2011-2012,Jammu & Kashmir,152710011,Leh Nutrition Project,Housing Colony  P. Box  59 Leh Ladakh Jammu & Kashmir-194101,7881672.00
59,2011-2012,Jammu & Kashmir,152710052,Leh Old Town Initiative,Lakrook House Upper StalamLeh194101,756390.00
60,2011-2012,Jammu & Kashmir,152710029,Lha-Rje Sorig Foundation,Sumoor-Nubra Leh LadakhJammu and Kashmir-194101,292942.00
61,2011-2012,Jammu & Kashmir,152710035,Lingshed Area Development Foundation,Amchi Health Centre Lingshed Vill Khaltsi Block LehLadakh (Jammu and Kashmir)-,4510844.00
62,2011-2012,Jammu & Kashmir,152710026,Lingshed Nunnery Welfare Society,Lingshed Labrang Opposite New Bus  LehJammu & Kashmir-194101,1707763.00
63,2011-2012,Jammu & Kashmir,152710006,Lions Club of Leh, Leh Ladakh Jammu & Kashmir-,993975.00
64,2011-2012,Jammu & Kashmir,152680004,Lungnag Youth Association,Raru Padum Zanskar KargilJ&K-,1638974.00
65,2011-2012,Jammu & Kashmir,152710017,Mahabodhi Intermational Meditation Centre,P.Box 22 Devachan Leh - LadakhJammu & Kashmir-194101,30101721.00
66,2011-2012,Jammu & Kashmir,152680014,Marpa Ling Lamdon Model School Zanskar,Strongday Zanskar PadumKargil194302,5794452.00
67,2011-2012,Jammu & Kashmir,152690003,MATA VANKHANDI PUBLIC CHARITABLE TRUST,VPO NAHUSEHRA MAHANPUR TEHSIL BASOHLIKATHUWA184202,0.00
68,2011-2012,Jammu & Kashmir,152670006,Model Institute of Education and Research,B.C. Road Jammu  Jammu & Kashmir-180001,0.00
69,2011-2012,Jammu & Kashmir,152710004,Moravian Mission School,P.Box. - 7 Leh LadakhJammu & Kashmir-194101,4183000.00
70,2011-2012,Jammu & Kashmir,152750016,Mother Women Welfare Organisation,H. No. 6 Kursu Rajbagh SrinagarJammu & Kashmir-190008,0.00
71,2011-2012,Jammu & Kashmir,152680012,Mutahhary Educational Society Kargil,Behind LAHDC Office MPS Bldg. Kargil Jammu and Kashmir -194103,0.00
72,2011-2012,Jammu & Kashmir,152740003,National Development Foundation,House No.6 Sector A Opp. Parshotam BhawanSubashnagar,4725730.00
73,2011-2012,Jammu & Kashmir,152670031,NATIONAL INDUSTRIAL TRAINING AND CONSULTANCY(NITCO),Arya Kanya VidalayaPurani Mandi180001,0.00
74,2011-2012,Jammu & Kashmir,152710053,New Millennium Education Foundation Ladakh,Murtse Dambochan Agling LehLeh194101,7536300.00
75,2011-2012,Jammu & Kashmir,152710055,NGARI INSTITUTE OF BUDDHIST DIALECTICS,Saboo Do SkyidchanLEH194101,260245.00
76,2011-2012,Jammu & Kashmir,152670004,North India Pentecostal Fellowship,R.S. Pura Jammu Jammu & Kashmir-181102,129041.00
77,2011-2012,Jammu & Kashmir,152750021,Office of the Chief Executive Officer Shri Amarnathji Shrine Board,Raj Bhavan Srinagar Jammu and Kashmir -180001,0.00
78,2011-2012,Jammu & Kashmir,152710046,Pegon Phagspa Nastan Bakula Institute,Pethub Gonpa P.O Box No. 115 Distt. Leh - Ladakh-194101Leh194101,1482480.00
79,2011-2012,Jammu & Kashmir,152670028,PIR PANCHAL,h no 40 gandhi chowk lane subash nagar jammujammu180005,1222648.00
80,2011-2012,Jammu & Kashmir,152630002,Qudsiyya Health Care and Education Trust,Mazbugh Near Fruit MandiSopore193201,372094.00
81,2011-2012,Jammu & Kashmir,152670019,Ramakrishna Mission,Udhowala PO Aqualpur JammuJammu & Kashmir-180002,152422.00
82,2011-2012,Jammu & Kashmir,152680009,Rangdum Gonpa Cultural and Welfare Society,Rangdum Labrang Near Polo Ground Leh LadakhKargil (J&K)-194101,1509464.00
83,2011-2012,Jammu & Kashmir,152610002,Rehmat E Alam Hospital Trust Anantanag,Kralyar (Anantanag) Kashmir Anantanag TownAnantnag (J&K)-192101,0.00
84,2011-2012,Jammu & Kashmir,152710020,Rizong Cultural And Welfare Society,Lanlcing Leh- LadakhJ&K-,19526489.00
85,2011-2012,Jammu & Kashmir,152710056,Rural Development and You Society,Hemis Complex Zangsti PO BOX NO 144LEH194101,0.00
86,2011-2012,Jammu & Kashmir,152750029,S.R. INSTITUTE OF DEVELOPMENT,Room No. -6 NGO Complex Opp.-Masjid Bilal Ram BagSrinagar190015,0.00
87,2011-2012,Jammu & Kashmir,152710043,Sacred Educational Society of Ladakh (SESOL),Murtsey Colony - Near FRLLeh - Ladakh194101,353368.00
88,2011-2012,Jammu & Kashmir,152670029,SAHYOG INDIA,3 / 56 – A DAULAT BHAWANR. S. PURA181102,1548784.00
89,2011-2012,Jammu & Kashmir,152750008,Salfia Muslim Educational Resesarch Trust,J&K Jamiat Manzil Barbar Shah SrinagarJ&K-,0.00
90,2011-2012,Jammu & Kashmir,152670013,Sapna Grameen Udyog,H/o Colony Ward No1 Bishnah Jammu TawiJ&K-181132,0.00
91,2011-2012,Jammu & Kashmir,152710048,Servant of the Society Club,Malpak Complex LehLeh Ladakh194101,752887.00
92,2011-2012,Jammu & Kashmir,152670027,Sewa Bharti,Ved Mandir AmphalaJammu180005,2569763.00
93,2011-2012,Jammu & Kashmir,152750026,She Hope Society For Women Enterpuners,Wayil Ganderbal Kashmir IndiaGanderbal191201,10786275.00
94,2011-2012,Jammu & Kashmir,152760009,Shri Mata Vaishno Devi Shrine Board,Katra Udhampur (Jammu and Kashmir) -,9804316.25
95,2011-2012,Jammu & Kashmir,152710057,SHRI NALANDA DHARMA CENTRE,JAMYANG SCHOOL MURTSE COLONYLEH LADAKH194101,0.00
96,2011-2012,Jammu & Kashmir,152670020,Shri Ved Mandir Committee,Ambphala  JammuJammu and Kashmir-180001,888137.00
97,2011-2012,Jammu & Kashmir,152710021,Siddhartha Cultural and Welfare Society,Chorkor Stok  Leh - Ladakh Jammu & Kashmir-,4648832.00
98,2011-2012,Jammu & Kashmir,152680006,Social Education & Cultural Preservation & Development Society,Karsha Yulsum Zanskar(P.O. Padum Zanskar)Distt.-Kargil Ladakh J  & K-194103,2457216.00
99,2011-2012,Jammu & Kashmir,152630001,Society of the Franciscan Sisters of Mary,St. Josephs Hospital  Baramulla Jammu & Kashmir-,0.00
100,2011-2012,Jammu & Kashmir,152670018,St. Joseph' Health Centre,Akhnoor Jammu Dt J & K States AkhnoorDistt. -Jammu (Jammu & Kashmir)-181201,0.00
101,2011-2012,Jammu & Kashmir,152710012,Students Educational And Cultural Movement Of Ladakh,Phorkal Labrang Leh - Ladakh Jammu & Kashmir.-,1532628.00
102,2011-2012,Jammu & Kashmir,152710037,Thagchokling Charitable Organisation,Village-Ney PO/Teh-Leh LehJammu & Kashmir-194101,895946.00
103,2011-2012,Jammu & Kashmir,152670033,The Bethel Charitable Trust,HN 423  Qasim NagarBhu Fort  Jammu180001,0.00
104,2011-2012,Jammu & Kashmir,152750025,The New Kashmir Womens and Child Welfare Society,Bazar Batamaloo SrinagarSrinagar190001,20472136.00
105,2011-2012,Jammu & Kashmir,152750022,The NGOs Coordination Federation J and K,88-Shah-i-Hamdan LaneOmerabad II190012,0.00
106,2011-2012,Jammu & Kashmir,152710016,Thiksay Cultural Welfare Society,Thiksay Gonpa LehJ&K-,621395.00
107,2011-2012,Jammu & Kashmir,152710044,TINGANG TSALKAR GONPA SABHA TIMESGAM,B.P.O TINGMOSGANG DISTT LEHLEH194101,166577.00
108,2011-2012,Jammu & Kashmir,152670030,VOICE Volunteers Organisation for International Cooperation and Equality,H/o JALALABAD NEAR RELIANCE TOWER SUNJWAN ROAD JAMMU.JAMMU180011,0.00
109,2011-2012,Jammu & Kashmir,152750010,Voluntary Medicare Society, SrinagarJ&K-,0.00
110,2011-2012,Jammu & Kashmir,152710041,Womens Alliance of Ladakh,Chubi Sankar RoadLeh-Ladakh194101,0.00
