S.No,Year,State,Registration No,Association name,Address,Amount of FC Received
1,2015-2016,Jharkhand,337820086,Aadivasi Reformation and Welfare Society WARS,At Po GuaJharkhand833213,0.00
2,2015-2016,Jharkhand,337680005,Aanteeka,Behind S.B.I.(S.T.C.) Barmasia B. DeogharJharkhand-814112,302207.00
3,2015-2016,Jharkhand,337800152,Abhinav Kala Kendra,Vikas Nagar Road NO.-8 Latma Road Hatia RanchiJharkhand.-834003,0.00
4,2015-2016,Jharkhand,337730011,Abhinav Samaj Sevashram,Village- Dasedih P.O.-Doranda Distt- GirdihJharkhand-825412,0.00
5,2015-2016,Jharkhand,337730023,Abhivyakti Foundation,Himani Bhawan Besides Barganda Sub Post Office New Barganda GiridihGiridih815301,364021.20
6,2015-2016,Jharkhand,337800192,ACET SWAROJGAR SANGH,Jerath CompoundMain Road HinooRanchi834002,0.00
7,2015-2016,Jharkhand,337710007,Action for Women and Rural Development (AWARD),Sahijana Maore GarhwaJharkhand-822114,0.00
8,2015-2016,Jharkhand,337660029,Adarsh Gram Vikas Seva Samiti,Vill. Nawadih Post- NawadihBokaro Steel City829144,0.00
9,2015-2016,Jharkhand,337820013,Adarsh Seva Sansthan,Opp. 4th Phase Adarsh Nagar Sonari JamshedpurJharkhand-,2914030.00
10,2015-2016,Jharkhand,337660001,Adhunik Mahila Utthan Samiti,Qr. No. 3-201 Sector-2-D Street-6 Bokaro Steel CityBokaro-827001,0.00
11,2015-2016,Jharkhand,337720018,ADIM JATI SEVA KENDRA,AT PO-CHANDANAHAT VIA-SAROUNI BAZARGODDA814156,0.00
12,2015-2016,Jharkhand,337740024,ADIVASI MAHILA SAMAJ SEVA KENDRA MAJHATOLI,Regd off Vill and P.O. - karaundhi  District - Gumla State - JharkhandGumla835207,0.00
13,2015-2016,Jharkhand,337800122,Agrarian Assistance Association Trust,At Post Maheshpur P S Angara RanchiJharkhand-835104,0.00
14,2015-2016,Jharkhand,337700004,Agrartian Assistance Association,P O Bandarjuri Chowk Near Forest Range OfficeDumka814101,0.00
15,2015-2016,Jharkhand,337800083,Agricultural Training Centre,Namkum RanchiJharkhand-834010,0.00
16,2015-2016,Jharkhand,337820027,Akhil Bhartiya Adivasi Vikas Mandal,Manoharpur Vill. & P.O. Manoharpur West SinghbhumJharkhand-833104,0.00
17,2015-2016,Jharkhand,337800075,Akhil Bhartiya Sajal Shraddha Samudayik Vikas Samiti,B-29Sctor-IIIPO.Dhurwa RanchiJharkhand-834004,0.00
18,2015-2016,Jharkhand,337800215,Al Salam Welfare and Educational Trust,At Barhu PO Kokdoro KankeRanchi835006,0.00
19,2015-2016,Jharkhand,337820085,ALIG EDUCATIONAL AND WELFARE SOCIETY,EX-1/2 Vatikaa Green Valley Pardih Road MangoP.O. Azad Nagar Jamshedpur832110,0.00
20,2015-2016,Jharkhand,337790028,Alternative Development Society,Baralota Bye-Pass Road PO-Sudna Town/City/Distt.: DaltonganjJharkhand-822101,0.00
21,2015-2016,Jharkhand,337800042,Amar Jyoti Society,Preriton Ki Rani Sadan Panchuati Railway ColonyRanchi-Jharkhandd-834001,17553017.15
22,2015-2016,Jharkhand,337730014,Ambedkar Social Institute,Bhandaridih (Behind Vet. Hospital) GirdihJharkhand-815301,1046791.00
23,2015-2016,Jharkhand,337800115,Aniketa Ascharya Charitable Foundation,Metro Lane  Ratu Road RanchiJharkhand-834001,0.00
24,2015-2016,Jharkhand,337740009,Animation Rural Outreach Society,Arouse Society Sasai Road Post- + Distt.- GumlaJharkhand-835207,5087367.98
25,2015-2016,Jharkhand,337750034,Anupam Mahila Chetna Samiti,Ravindra Path HazaribaghJharkhand-825301,0.00
26,2015-2016,Jharkhand,337800198,Arohi Anusuchit Jati Avam Janjati Mahila Vikas Parisad,93 Anandpur P.o.-DorandaRanchi834002,0.00
27,2015-2016,Jharkhand,337800144,ASHA,Association for Social and Human Awareness. H.NO.A/21 Kishan SinghColony Station Road Ranchi-834001-834001,5601104.00
28,2015-2016,Jharkhand,337680043,Ashray,Dangalpara P.O. Madhupur Madhupur Distt. DeogharJharkhand-815353,0.00
29,2015-2016,Jharkhand,337800195,ASIAN INSTITUTE FOR SUSTAINABLE DEVELOPMENT,SREENIBAS ASHA SHREE GARDEN ROAD MORABADIRANCHI834008,0.00
30,2015-2016,Jharkhand,337820066,ATUR BANDHAB MISSION,AT-PARDIH CHAWK NH-33PO-MANGOJAMSHEDPUR831012,0.00
31,2015-2016,Jharkhand,337790002,Auranga Gramin Vikas Samiti,Tumbagara P.O. Ranki KalaPalamau-822126,0.00
32,2015-2016,Jharkhand,337660027,Ayo Aidari Trust,Manika Sadan Karharbil Jahertola PO- ShivpaharDist-Dumka.Dumka814101,0.00
33,2015-2016,Jharkhand,337700039,Ayod Vikas Society,Raniswar Dumka JharkhandDumka814148,0.00
34,2015-2016,Jharkhand,337830005,Badlao Foundation,Near Chittaranjan Railway StationMihijam815354,14075289.70
35,2015-2016,Jharkhand,337750088,BANBASI MAHILA KENDRA,VILL - PO- AARAKATA KUJURAMGARH825316,0.00
36,2015-2016,Jharkhand,337730004,Banvasi Vikas Ashram,Vill+Post- Atkaa Via Bagoder Dist. GiridhJharkhand-815316,0.00
37,2015-2016,Jharkhand,337780011,Bengali Girls Middle School,P.O. & Distt. Pakur Pakur Jharkhand -816107,59610.92
38,2015-2016,Jharkhand,337800230,BEROZGAR KALYAN SANGHA,F NO 201 VIMLA ENCLAVE KARAMTOLI CHOWK BARIYATU ROADRANCHI834008,0.00
39,2015-2016,Jharkhand,337800069,Bethel Mission (A Social & Welfare Society),At. & P.O. Boreya Ranchi Jharkhand -835240,2794651.80
40,2015-2016,Jharkhand,337820073,BETHEL OUTREACH MINISTRY,BETHEL COMPOUND SURDA EAST SIMGHBHUMGHATSILA832303,5511612.51
41,2015-2016,Jharkhand,337800085,Bharat Mata Hospital,Chotamuri P.O. District- RanchiJharkhand -835101,9351616.00
42,2015-2016,Jharkhand,337750037,Bharatiya Jan Jagriti Kendra,P.O. Ichak HazaribaghJharkhand-825402,0.00
43,2015-2016,Jharkhand,337700017,Bharatnya Charisti Seva Dal Trust,Lalgarh Madupur DumkaJharkhand-815353,10427321.26
44,2015-2016,Jharkhand,337800047,Bhartiya Kisan Sangh,Saraswati Nagar KamreRatu Block835214,0.00
45,2015-2016,Jharkhand,337800220,BHARTIYA LOK KALYAN SANSTHAN,Raj Nagar   Near Power House   PO and PS  ChutiaChutia834001,0.00
46,2015-2016,Jharkhand,337680012,Bhartiya Manav Vikash Seva Sansthan,Saheed Ashram Road Post-B. DeogharDeoghar (Jharkhand)-814112,285609.00
47,2015-2016,Jharkhand,337800210,BHOJPURI NAGPURI KALA SANGAM,PRADHAN MANSION NORTH OFFICE PARA DORANDARANCHI834002,0.00
48,2015-2016,Jharkhand,337800216,Bhootpurv Sainik Kalyan Sangh,302 Giridhar Plaza Opp Goshala Harmu Road RanchiRanchi834001,0.00
49,2015-2016,Jharkhand,337750022,Bhurkunda Pawan Krus Niketan,Pawan Krus Niketan P.O. Badaninagar Distt. HazaribaghJharkhand-829105,0.00
50,2015-2016,Jharkhand,337790006,Bihar Pradesh Yuva Parishad,AbadaganjNear Mission Girls High SchoolDaltonganjPalamau-Jharkhand-822101,0.00
51,2015-2016,Jharkhand,337840005,BIihar Ennonite Mandli,P.O. Chandwa LateharJharkhand-829203,7410904.00
52,2015-2016,Jharkhand,337820004,Bindrai Institute for Research Study and Action,Gaddi Tola ChaibasaSinghbhum (W) (Jharkhand)-833201,34874753.69
53,2015-2016,Jharkhand,337800105,Bir Buru Vikas Kendra,Block ChowkRania Vill and PO-RaniaRanchi-Jharkhand-835227,0.00
54,2015-2016,Jharkhand,337800102,Birla Institute Technology,PO-Mesra RanchiJharkhand-835215,0.00
55,2015-2016,Jharkhand,337820054,Birsa Munda  Welfare Foundation.,Birsa Nagar Zone No.-6(B).JSR P.O.Old Baridih Dist-Singhbhum EastJharkhand.-831017,0.00
56,2015-2016,Jharkhand,337750029,Birsa Seva Prakalp,Mangal Bazar  Malviya Marg HazaribaghJharkhand-825201,0.00
57,2015-2016,Jharkhand,337800217,BIRSA VIKLANG UTTHAN AVAM KALYAN SAMITEE,SHARMA MARKET PO DHURWARANCHI834004,0.00
58,2015-2016,Jharkhand,337750046,Board of Islamic Education,Hazaribagh HazaribaghJharkhand-825301,0.00
59,2015-2016,Jharkhand,337800135,Brothers of St. Gabriel Education Society,Montfort Niwas  Kanke Ranchi Bihar -834006,0.00
60,2015-2016,Jharkhand,031190087,CALVARY GOSPEL MINISTRIES TRUST,"DR.DAYALS HOUSE
BAHU BAZARRanchi834001",123321327.00
61,2015-2016,Jharkhand,337800053,Capuchin Friars Minor Society,Vidyaa Sadan Samlong RoadNamkum PostRanchi -Jharkhand-834010,14745193.00
62,2015-2016,Jharkhand,337740013,Carmel Ashram,Gumla Distt. GumlaJharkhand-835207,2876664.00
63,2015-2016,Jharkhand,337750019,Carmel Ashram Sitagarh,P.O. & Distt. Hazaribagh Jharkhand -825301,3467884.00
64,2015-2016,Jharkhand,337750096,CARMEL RURAL DEVELOPMENT SOCIETY,Carmel House HearunganjHazaribagh825302,110925.00
65,2015-2016,Jharkhand,337800023,Catholic Charities,P.Box  No. 5  Purlia Road RanchiJharkhand-834001,136270.00
66,2015-2016,Jharkhand,337820019,Catholic Charities,Patel Bagan Sundernaga PO JamshedpurJharkhand-832107,5060874.00
67,2015-2016,Jharkhand,337750093,CATHOLIC HEALTH ASSOCIATION,C/o Catholic Cooperative Society Building 1st Floor Dr Camil BulckePath Purulia Road Ranchi834001,4047117.50
68,2015-2016,Jharkhand,337800148,Centre  for Education,Pepee Compound. RanchiJharkhand.-834001,0.00
69,2015-2016,Jharkhand,337800141,Centre for Action and Rural Development,A.H.ComplexOpp.S.F.C. Godown Kadru.RanchiJharkhand.-834002,0.00
70,2015-2016,Jharkhand,337800107,Centre for Development,Gayatri Saddan Tupudana HatiaRanchi-834003,917672.00
71,2015-2016,Jharkhand,337800092,Centre For Entrepreneurship Development,Ramnagar Harmu Argora Bye-Pass Road Harmu Housing ColonyDistt. Ranchi Jharkhand-834012,0.00
72,2015-2016,Jharkhand,337800113,Centre For Social Welfare,Mohalla -St.Peters Campus Birsa Chowk. PO-DorandaDistrict  Ranchi   Jharkhand-834002,0.00
73,2015-2016,Jharkhand,337800165,Centre for Women Development,H/No. Sri. N. Senapati  House No 206 North Office Para DorandaRanchi834002,0.00
74,2015-2016,Jharkhand,337780007,Chandrapura Mission Middle School,Maheshpur Raj SahibganjPakur Jharkhand-816106,515000.00
75,2015-2016,Jharkhand,337800169,CHETNA,Vill PO Tangar Bijupara Chanho BlockRanchi835214,0.00
76,2015-2016,Jharkhand,337670003,Chetna Bharati,Khutikewal Ashram P.O Hunterganj Dist. ChatraJharkhand-825420,6192030.01
77,2015-2016,Jharkhand,337680011,Chetna Vikas,Loknayak Bhavan Bypass RoadBaijnathpur814112,26823407.75
78,2015-2016,Jharkhand,337790039,CHHOTANAGPUR ADIVASI HARIJAN UTTHAN SAMITI,Gulab Jhari Bhawan Bye Pass Road Redma Medininagar  Dist PalamauDaltonganj822101,0.00
79,2015-2016,Jharkhand,337790014,Chhotanagpur Samaj Vikas Sansthan,PO: Sudna Daltonganj Distt. PalamauJharkhand-,0.00
80,2015-2016,Jharkhand,337750066,Chhotanagpur Vikas Man ch.,AT & Post -Dewokuli Via -Ichak. HazaribagJharkhand. -825402,0.00
81,2015-2016,Jharkhand,337800207,CHILDREN DEVELOPMENT ACADEMY FOUNDATION TRUST,H.NO-108 MANITOLA PO and PS- DORANDA RANCHI JHARKHANDRANCHI834002,0.00
82,2015-2016,Jharkhand,337730010,Chirag Welfare Society,Bhandaridih(Behind Animal Hospital) GiridihJharkhand-815301,0.00
83,2015-2016,Jharkhand,337750004,Chotanagpur Adivasi Seva Samiti,AT-Kasiadih P.O.-Charhi HazaribagJharkhand-825336,3019651.00
84,2015-2016,Jharkhand,337800050,Chotanagpur Craft Development Society,Roadd No.3Hawai Nagar PO. HatiaRanchi-Jharkhand-834003,0.00
85,2015-2016,Jharkhand,337800223,CHOTANAGPUR PRERNA SANSTHAN,PRERANA SADEN H B ROAD KOKARRANCHI834001,30701.00
86,2015-2016,Jharkhand,337800044,Chotanagpur Sanskritik Sangh,House No. HI-98 Harmu Housing ColonyRanchi834002,2631471.00
87,2015-2016,Jharkhand,337750058,Chotanagpur Vikas Utprerna Kendra,At/PO Barkatha Dist. HazaribaghJharkhand-825323,0.00
88,2015-2016,Jharkhand,337800156,Citizens Foundation,7 Betar Kendra Niwaranpur RanchiJharkhand-834002,125220.00
89,2015-2016,Jharkhand,337820030,Clever Social Welfare Centre,Clacer Bhawan P.O. Amda Singhbhum WestJharkhand-833101,2647693.00
90,2015-2016,Jharkhand,337800170,Compassion India,Vill. Chamratoli PO MurhuMurhu835210,74633.00
91,2015-2016,Jharkhand,337820043,Council of Management and Health Care,22  Ambagan Raja Mansion 11 Floor Town/City-Sakchi JamshedpurDistrict-SinghBhum Jharkhand.-831001,0.00
92,2015-2016,Jharkhand,337820062,DAKSHINA BHARATHA MAHILA SAMAJ,ROAD NO. 7 B. H. AREA KADMAJAMSHEDPUR831005,0.00
93,2015-2016,Jharkhand,337750010,Dalit Adivasi Jagriti Sansthan,"C/O SUNIL RAM VILL CHAMPWA
PO BABHANVE PS MUFFASIL
HAZARIBAGHAZARIBAGH825301",165496.00
94,2015-2016,Jharkhand,337790011,Daltonganj Catholic Diocese,Bishops House Station Road Daltonganj PalamuJharkhand-822101,386222.21
95,2015-2016,Jharkhand,337690004,Damien Social Welfare Centre,Gandhi Bhawan  Post Box No.-  47 Polytechnic Road DhanbadJharkhand -826001,10036078.75
96,2015-2016,Jharkhand,337750005,Darpan,Village Lakhe Chano Road P.O. Korrah Sadar825303,0.00
97,2015-2016,Jharkhand,337800134,Daughters of St. Anneranchi,St. Annes Provincialate Circular RoadRanchi-834001,381586.00
98,2015-2016,Jharkhand,337800147,Dayasagar Foundation,Deepak BhawanTorpa Road Khunti RanchiJharkhand.-835210,0.00
99,2015-2016,Jharkhand,337690003,DE NOBILI JEALGORA,F.R.I. Post Office DhanbadJharkhand-828108,323666.07
100,2015-2016,Jharkhand,337800095,Deep Shikha (A Unit of Purshree),Arya Smaj Mandir Swamy Sharadh Nand PathUpper  Bazar Ranchi -834001,241447.22
101,2015-2016,Jharkhand,337660026,Dhara,Khairachatar P.O.- Khirachatar Block- KasmarKhairachatar829115,0.00
102,2015-2016,Jharkhand,337660006,Dhorimata Samaritan Seva Kendra,Jarangdih Distt.BokaroJharkhand-,829029.00
103,2015-2016,Jharkhand,337800037,Diocese of Chotanagpur,Diocesan Office P.P.No.1 Distt. RanchiJharkhand-83400,609236.00
104,2015-2016,Jharkhand,337750032,Divine Onkar Mission,Hospital More (Tyre More) College Road   Ramgarh Cantt.829122,3996347.00
105,2015-2016,Jharkhand,337800206,DIYA SEVA SANSTHAN,BUDH VIHAR TETAR TOLI NEAR SARNA MAIDAN MORABADIRANCHI834009,1674250.00
106,2015-2016,Jharkhand,337740003,Don Bosco Centre Kereng,Kereng Chainpur Distt. Gumla Jharkhand-835206,100669.79
107,2015-2016,Jharkhand,337800108,Don Bosco Technical School,P.Box No.201Kokar Distt. Ranchi KhoratoliJharkhand -834001,0.00
108,2015-2016,Jharkhand,337800036,Don Bosco Youth Centtre,P.O. Hatia Ranchi Jharkhand-834003,0.00
109,2015-2016,Jharkhand,337680040,Dr. Bhimrao Ambedkar Jharkhand Dalit Samaj Vikas Samiti,Chandmari MadhupuriDeoghar-Jharkhand-815353,353472.00
110,2015-2016,Jharkhand,337800001,Dr. R.K. Jayaswal Welfare Society,North Samaj Street TharpakhanaRanchi Jharkhand-834001,0.00
111,2015-2016,Jharkhand,337820067,DREAM,WELFARE TOWER FLAT NO.109 DIMNA ROAD P.O. MGM COLLEGE DIMNAJAMSHEDPUR831018,0.00
112,2015-2016,Jharkhand,337830012,Dridh Sankalp,New TownJamtara815351,0.00
113,2015-2016,Jharkhand,337700003,Dumka Catholic Diocese,Bishop's House P.O. Dudhani DumkaJhakhand-814101,5753456.50
114,2015-2016,Jharkhand,337700006,Dumka Social and Educational Society,Social Development Centre DudhaniP.O & At. DumkaJharkhand -814101,19515096.00
115,2015-2016,Jharkhand,337800073,Ecreosoculis North Western Gossner Evg.,N.W.Gew Church Compound Distt. RanchiJharkhand-834001,292179.00
116,2015-2016,Jharkhand,337800166,Fatima Educational and Health Trust,ITKI PO ITKIRanchi835301,0.00
117,2015-2016,Jharkhand,337680006,Fontal Development Foundation,Ved Bhawan Near Baban Bigha-More P.O.-Ashram KarinabadDeoghar -814112,265160.00
118,2015-2016,Jharkhand,337780015,Foundation For Awareness Counselling And Education,RajaparaPakur816107,0.00
119,2015-2016,Jharkhand,337800129,Foundation for Emancipation of Marganalised,Qtr.NO. Cd-100 Sector III HEC RanchiJharkhand-834004,178158.00
120,2015-2016,Jharkhand,337800061,Fudi Technical Training Centre,Fudi Distt Ranchi Jharkhand -835210,0.00
121,2015-2016,Jharkhand,337680048,Gandhi Golden Trust,Gidha Pathar Po-Deopur town- JasdihDeoghar Jharkhand-814142,0.00
122,2015-2016,Jharkhand,337800087,Gandhi Peace Foundation Centre,Tagore Hill MorabadiRanchi Jharkhand-824231,0.00
123,2015-2016,Jharkhand,337820088,Gautam Buddha Social  Welfare Mission,A70 Nalanda Path Bagun Nagar P O BaridihJamshedpur831017,0.00
124,2015-2016,Jharkhand,337730012,Girdih Parish Society,Catholic Ashram Post Box No-90Giridih Jharkhand-815301,0.00
125,2015-2016,Jharkhand,337830014,GLOBAL VISION,AT-MAHTODIH PO- NARAYANPUR DIST- JAMTARA JHARKHANDJAMTARA815352,0.00
126,2015-2016,Jharkhand,337750094,Glorious Grace Gospel Trust,MeruHazaribagh825301,4096068.00
127,2015-2016,Jharkhand,337720008,Godda Parish Society,Sacred Heart Church Godda GoddaJharkhand-814133,0.00
128,2015-2016,Jharkhand,337800076,Good Books Educational Trust,Main Road RanchiJharkhand-834001,7825732.00
129,2015-2016,Jharkhand,337800110,GOSSNER EVANGELICAL LUTHERAN CHURCH IN CHOTANAGPUR AND ASSAM,Main Road.Ranchi834001,49298496.00
130,2015-2016,Jharkhand,337810002,Grace Bible College,P.O. Azadnagar Jamshedpur Jharkhand -832110,3168212.95
131,2015-2016,Jharkhand,337800111,Gram Guru Education Society,Gram Guru Education Centre Purulia RoadRanchi-Jharkhand-834001,0.00
132,2015-2016,Jharkhand,337800157,Gram Jan Jagriti Manch,Sinjusereng PO-Raja Ulatu RanchiJharkhand-834010,1652990.00
133,2015-2016,Jharkhand,337680029,Gram Jyoti,Ram Babu Road Bilasi  Town DeogharJharkhand-814117,6968026.00
134,2015-2016,Jharkhand,337730029,GRAM KALYAN,Parsatand  PO Hundadih PachambaGIRIDIH815316,0.00
135,2015-2016,Jharkhand,337700005,Gram Sabha Seva Sansthan,At+ Post- Kaladumaria Via -Ghormara DumkaJharkhand-814120,0.00
136,2015-2016,Jharkhand,337740001,Gram Uthan Kendra-Community Dev. Centre,Catholic Church Sisai Road P.O. GumlaJharkhand-835207,4096018.22
137,2015-2016,Jharkhand,337680034,Gram Vikas Foundation,Bhanrwa Road 52-Bigha MadhupurDeoghar-Jharkhand-815353,0.00
138,2015-2016,Jharkhand,337800038,Gram Vikas Unmukh Samiti,Misigonda J.P. Marg 224 B P.O.Ranchi UniversityDistt. Ranchi Jharkhand-834008,913519.10
139,2015-2016,Jharkhand,337730001,Gramika India,At - Bakarganj P.O.-Kisgo Via-RajdhamwarGiridih-825412,0.00
140,2015-2016,Jharkhand,337680033,Gramin Dalit Kalyan Samiti,Mohanpur hat Via- Dahijore CampDeoghar-Jharkhand-814157,0.00
141,2015-2016,Jharkhand,337740002,Gramin Navoday Kendra,Thana RoadSisai Town Sisai Dist. GumlaJharkhand-835224,0.00
142,2015-2016,Jharkhand,337740005,Gramin Punarnirman Sansthan,At & PO Bazar Tanr Sisai Gumla Jharkhand -835224,0.00
143,2015-2016,Jharkhand,337790015,Gramin Samaj Kalyan Vikas Manch,Daltonganj Distt. Palamu Jharkhand - 822101 IndiaDALTONGANJ822101,6921700.00
144,2015-2016,Jharkhand,337800011,Gramin Sulabh Vikash Kendra,Kranji Khatri KhtangaRanchi-835202,0.00
145,2015-2016,Jharkhand,337670001,Gramin Vikas Kendra,Vill.-Losodag P.O.-Piri Simariya Chatra Jharkhand-,0.00
146,2015-2016,Jharkhand,337680036,Gramin Vikas Parishad,Castairs Town B. DeogharJharkhand-814112,0.00
147,2015-2016,Jharkhand,337730028,Gramin Vikas Samiti Maheshmunda,MaheshmundaGiridih815312,0.00
148,2015-2016,Jharkhand,337670002,Gramoday Chetna Kendra,Telephone Tower RoadChatra825401,0.00
149,2015-2016,Jharkhand,337830018,Grass Root Association of Manjhi for Social Economic Welfare of Adivasi,Jivan Jyoti Campus Gopalpur  PO RanitarJamtara815352,0.00
150,2015-2016,Jharkhand,337740006,Gumla Catholic Diocese,Bishop's House P.O. GKumla Distt. GKumlaJharkhand-835207,11349290.90
151,2015-2016,Jharkhand,337740010,Gumla Ursuline Society,Ursuline Provincialate Sisai RoadPost+District-Gumla Jharkhand-835207,6679150.10
152,2015-2016,Jharkhand,337800086,Guru Nanak Home For Handicapped,Bariatu Road RanchiJharkhand-834009,1509223.00
153,2015-2016,Jharkhand,337750003,Hazaribag Jesuits Education Ssociety,Loyola Centre Sindur - Hazaribag Hazaribag Jharkhand-825301,30562724.62
154,2015-2016,Jharkhand,337750036,Hazaribagh Carmel Society,Carmel House Herunganj HazaribaghJharkhand-825301,8981267.00
155,2015-2016,Jharkhand,337750042,Hazaribagh Catholic Diocese,Catholic Ashram HazaribaghJharkhand-825301,1686493.41
156,2015-2016,Jharkhand,337750072,HAZARIBAGH CATHOLIC EDUCATION ASSOCIATION,CATHOLIC ASHRAM HOLY CROSS ROADHAZARIBAGH825301,0.00
157,2015-2016,Jharkhand,337750064,Hazrat Munam Pak Talim Mission,Maharaj Ganj P.O. Dadpur HazaribaghJharkhand-,0.00
158,2015-2016,Jharkhand,337800116,Helping Organization For People Environment     & Animal Trust,C/o Bharat   Manjhi(APP) Khunti Toli Topra Road KuntiRanchi Jharkhand-,9815891.79
159,2015-2016,Jharkhand,337800079,Hoffman Social Service Society,Bishop's House P.O. Khunti Dist: RanchiJharkhand-835210,3642415.00
160,2015-2016,Jharkhand,337750016,Holy Cross Institute,P.B. 59  Hazaribagh Jharkhand -825306,13542051.06
161,2015-2016,Jharkhand,337750081,HOLY CROSS KRISHI VIGYAN TRUST,Near Canary HillHazaribagh825301,0.00
162,2015-2016,Jharkhand,337800214,Holy Faith Tribal Welfare And Development Trust,406 Midland East Apt Anantpur DorandaRanchi834002,6399901.18
163,2015-2016,Jharkhand,337800029,Holy Family Hospital,P.O.Mandar Distt. RanchiJharkhand-835214,445647.12
164,2015-2016,Jharkhand,337810001,Human Resource & Environment Development Society,Village-Kalyani(Meena Bazar) P.O.-MaharajpurSahebganj-816109,0.00
165,2015-2016,Jharkhand,337800114,Huminity An Organisation for Human Dev,H-88 Argora Housing Colony RanchiJharkhand-834002,0.00
166,2015-2016,Jharkhand,337750091,INFLUX,NEAR DURGA MANDIR SHIV DAYAL NAGAR RAMNAGAR HAZARIBAGH JHARKHANDHAZARIBAGH825301,0.00
167,2015-2016,Jharkhand,337730025,insititute of homoeopaths,bulaki roadgiridih815301,0.00
168,2015-2016,Jharkhand,337800173,INSTITUE OF OBLATE SISTERS OF NAZARETH SOCIETY,BARIATU CONVENT HOUSE NO.2120RANCHI834009,1298843.00
169,2015-2016,Jharkhand,337800004,Institute of Christian Doctrine Fathers' Society,Kumhar Toli-II lane Purulia Road RanchiJharkhand-834001,24890595.00
170,2015-2016,Jharkhand,337800132,Institute of Missionaries of Jesus the Eternal Priest,Tunki Tola(Kokar) P.O.R.M.C.H. Bariatu  Distt.- RanchJharkhand-834009,4551091.00
171,2015-2016,Jharkhand,337800161,Institute of Science & Management,ISM Campus Pundag RanchiJharkhand-834004,0.00
172,2015-2016,Jharkhand,337790012,Institute of Sisters of Charity,Chianki Daltonganj Distt. PalamauJharkhand-,0.00
173,2015-2016,Jharkhand,337800031,Institute of Sisters of Charity,Nirmala College  Hinoo Distt. Ranchi Jharkhand-834002,3268758.00
174,2015-2016,Jharkhand,337850001,Institute of the Sisters of Charity,Barwadih SimdegaJharkhand-,0.00
175,2015-2016,Jharkhand,337790035,INTEGRATED SOCIAL DEVELOPMENT ORGANISATION,SAHITYA SAMAJ CHOWK HAMIDGANJMEDININAGAR DALTONGANJ822101,0.00
176,2015-2016,Jharkhand,337800096,Jagat Gyan Sarovar Sansthan,Piska Nagri Distt. Ranchi Jharkhand -835303,0.00
177,2015-2016,Jharkhand,337730008,Jago Foundation,Dhanaydih  senadoni Giridih- Jharkhand- 815316Giridih815316,0.00
178,2015-2016,Jharkhand,337750009,Jago Mahila Jagriti Kendra,Konharo Barkatha HazaribaghJharkhand-825323,91540.00
179,2015-2016,Jharkhand,337800064,Jagriti Vihar,Mecluskie Ganj Ranchi Dist.Jharkhand-829208,7167408.06
180,2015-2016,Jharkhand,337720014,JAMIA ARBIA IMDADUL ULOOM JAGIR PRATAPPUR,VILL PO-AMDAND VIA-MEHARMAGODDA814160,0.00
181,2015-2016,Jharkhand,337820018,Jamshedpur Diocesan Corporation,Bishop's House Golmuri P.O. JamshedpurJharkhand-831001,20598114.50
182,2015-2016,Jharkhand,337820040,Jamshedpur Jesuits Society,Loyola Nivas H-15 St. Mile RoadSakchi Jamshedpur831001,53015725.51
183,2015-2016,Jharkhand,337830004,Jamshedpur Mercy Hospital Society,P.O.- Baridih JamshedpurJharkhand-831017,0.00
184,2015-2016,Jharkhand,337680004,Jan Astha Seva Sadan,Vill.-Nawadih P .O.-Malhara  via DahijoreDepghar -814157,0.00
185,2015-2016,Jharkhand,337660003,Jan Chetna Manch Bokaro,Chamrabad Chandra Chandankiary Bokaro Jharkhand. -828134,2022718.18
186,2015-2016,Jharkhand,337750017,Jan Jagran Kendra,Vil&PO Barhi Dist: HazaribaghJharkhand-825405,0.00
187,2015-2016,Jharkhand,337730021,Jan Kalyan  Kendra,Vill P.O.- Khetko P.S.- Bagodar Dist.- GiridihBagodar815301,0.00
188,2015-2016,Jharkhand,337750008,Jan Kalyan Kendra,Vill & P.O.-Ichak HazaribaghJharkhand-825301,0.00
189,2015-2016,Jharkhand,337710005,Jan Kalyan Vikas Kendra,Vill-Singhitali P.O.-Chapari P.S.-Bhawnathpur Distt.-GarhwaJharkhand.-822112,0.00
190,2015-2016,Jharkhand,337780012,Jan Lok Kalyan Parisad,Sindhi Para Near Quairi Association Office Post & District- PakurJharkhand-816107,321045.00
191,2015-2016,Jharkhand,337750079,JAN SAHYOG KENDRA,AT-CHICHIKALA JORDAG CHURCHU DIST-HAZARIBAGH JHARKHANDHAZARIBAGH825301,0.00
192,2015-2016,Jharkhand,337750025,Jan Sahyog Vindu,Harnganj Anandpuri ColonyHazaribag825301,0.00
193,2015-2016,Jharkhand,337730013,Jan Sarokar,C/O Smt. Kala Sahay(Advocate) At.- BhandaridihGiridih Jharkhand-,0.00
194,2015-2016,Jharkhand,337720002,Jan Seva Kendra,Vill Shiopur P.O. & Distt. GoddaJharkhand-814133,0.00
195,2015-2016,Jharkhand,337750023,Jan Sewa Parishad Hazaribag,At & .P.O Churchu District- HazaribaghJharkhand-825411,2815025.10
196,2015-2016,Jharkhand,337800041,Jan Utthan Samiti,Udayan Building (Flat No.6) Kilburn ColonyHindooRanchi-Jharkhand-834202,1898701.40
197,2015-2016,Jharkhand,337750040,Jan Vikas Kendra,Catholic Ashram Dist. HazaribaghJharkhand-825301,1555054.62
198,2015-2016,Jharkhand,337800074,Jan Vikas Kendra,22/2 University ColonyBariatu,0.00
199,2015-2016,Jharkhand,337700035,JANAKALYAN PARISHAD PATTABARI,AT - PATTABARI P.O- PATTABARIDUMKA814119,0.00
200,2015-2016,Jharkhand,337800175,JEEVAN JYOTHI CHARITABLE TRUST,THE  MARIANISTS GYAN DEEPLOADIH - NAMKUM834010,27786184.60
201,2015-2016,Jharkhand,337660032,JEEVAN JYOTI JAN KALYAN KENDRA  GOMIA,AT SARAM NAINATAND  POST TENUGHAT DAM NO3 PS  GOMIABOKARO829129,0.00
202,2015-2016,Jharkhand,337820087,jeewan path,53 Nilgiri Gayatry Homes Baliguma Dimna road MangoJamshedpur831012,0.00
203,2015-2016,Jharkhand,337700002,Jesuits of Santal Society,Jisu Jaher Dudhani Dist: DumkaJharkhand-814101,50706992.58
204,2015-2016,Jharkhand,337750062,Jharkhand Adivasi Health Education and Rural Development Samiti,Vill.- Bodra Tola Bagjobra Po-Churchu Distt.- HazaribaghJharkhand-825411,1480351.00
205,2015-2016,Jharkhand,337690009,Jharkhand Gramin Vikas Trust,Mahuda More (Near  Mishra hotel) DhanbadJharkhand.-828305,0.00
206,2015-2016,Jharkhand,337800197,Jharkhand Health and Welfare Society,Radha Mandir Namkum RanchiRanchi834010,0.00
207,2015-2016,Jharkhand,337820083,JHARKHAND JYOTI,ZONE NO 6B BIRSANAGAR PO BARIDIHJAMSHEDPUR831017,0.00
208,2015-2016,Jharkhand,337750086,Jharkhand Mahila Uthan,vill- Lara P.O- ChurchuHazaribagh825311,0.00
209,2015-2016,Jharkhand,337830013,Jharkhand Pichhra Varg Vikas samiti,At-Piyalsola P.O.- Kelahi P.S. - Mihijam Dist. JamtaraJamtara815354,0.00
210,2015-2016,Jharkhand,337750089,Jharkhand Seva Mandal,At- Nawadih P.O- Kadma P.S- KatkamsandiHazaribag825301,0.00
211,2015-2016,Jharkhand,337750033,Jharkhand Vikas Parishad,Mandu HazaribaghJharkhand-825316,2802752.00
212,2015-2016,Jharkhand,337780004,Jidato Boys Home,Pakur S.P. Sahibganj Jharkhand -816107,2294960.00
213,2015-2016,Jharkhand,337780009,Jidato Girls Home,Post+District--Pakur Jharkhand -816107,1752650.00
214,2015-2016,Jharkhand,337800225,Jivan Dhara Trust,Ursuline Provincialate Kanke Road 273/303Ranchi834008,6119709.11
215,2015-2016,Jharkhand,337680019,Judav,At-Bawan Bigha Po-Madhupur Distt. DeogharJharkhand-815353,0.00
216,2015-2016,Jharkhand,337820055,Kalamandir-The Celluloid Chapter Art Foundation,8-10N. Road Bistupur JamshedpurEast SinghbhumJharkhand.-831001,0.00
217,2015-2016,Jharkhand,337800071,Kalanga Bazar Educational Trust,Madina Manzil Behind Gulnar  Appartment Resaldar Nagar DorandaRanch-Jharkhand-834002,51336.00
218,2015-2016,Jharkhand,337800039,Karra Society For Rural Action,Tripathy Colony (Opp. Canara Bank) Kadru Bypass Road DorandaDistt. Ranchi Jharkhand-834002,0.00
219,2015-2016,Jharkhand,337800184,Kashyap Memorial Eye Bank,Kashyap Memorial Eye Hospital Campus Purulia RoadRanchi834001,0.00
220,2015-2016,Jharkhand,337800093,Kasturba Khadi Gramodyog Sansthan,Khadi Bhavan Muri Distt. Ranchi Jharkhand -,0.00
221,2015-2016,Jharkhand,337800067,KGVK,P O Neori VikasRukka Ormanjhi835217,37393035.00
222,2015-2016,Jharkhand,337700027,Khadi Gramodyog Gram Rachana Sangh,Rasikpur Dumka Dumka districtJharkhand.-,0.00
223,2015-2016,Jharkhand,337760005,KHARAGDIHA NALA VI JAL CHAJAN SANGH,VILL- AMJO POST - NAITAND PS- JAINAGARKODERMA825324,0.00
224,2015-2016,Jharkhand,337800159,Khunti Catholic Diocese,Bishop's House P.O. Khunti Dist: RanchiJharkhand-835210,10706703.17
225,2015-2016,Jharkhand,337680001,Kirti Sanstha,Ho-Chanddih P.O.-Chanddih Deoghar -814143,264710.00
226,2015-2016,Jharkhand,337750020,Kodarma Granciscan Clarist SistersFranciscan Clarist Sisters Society,Assisi Bhawan Sadanand RoadHazaribag Jharkhand-825301,1741963.77
227,2015-2016,Jharkhand,337750024,Koderma Holy Family Hospital,PO Koderma HazaribaghJharkhand-825410,498117.29
228,2015-2016,Jharkhand,337820058,Kolhan Mahila Sangathan,AT-Bodra Basa(Sanko Sai) PO-Narsanda ChaibasaWest Singhbhum Jharkhad-833201,0.00
229,2015-2016,Jharkhand,337750082,Let Individual Feel for Everyone,Village Selhara Post Selhara Block ChauparanHazaribag825406,0.00
230,2015-2016,Jharkhand,337800182,LIFE EDUCATION AND DEVELOPMENT SUPPORT (LEADS),BEHIND OLD SADAR THANA TIRIL ROAD KOKARRANCHI834001,16580002.91
231,2015-2016,Jharkhand,337770004,Lohardaga Gram Swarajya Sansthan,Near Block Office Main Road Lohardaga Jharkhand-835302,1120075.00
232,2015-2016,Jharkhand,337720003,Lohiya Vikalang Seva Samiti,Gangathi Khurd GoddaJharkhand-814133,0.00
233,2015-2016,Jharkhand,337830006,Lok Chairag Seva Sansthan,Rajbari Road P.O. Mihijam Distt. JamtaraJharkhand-815354,0.00
234,2015-2016,Jharkhand,337820076,LOK CHETNA YUVA MANCH,K2 / 28 ROAD NO – 10 TELCO JAMSHEDPURJAMSHEDPUR EAST SINGHBHUM831004,0.00
235,2015-2016,Jharkhand,337680016,Lok Deep,College Road At + Post- MadhupurDist. Deoghar (Jharkhand)-815353,983440.00
236,2015-2016,Jharkhand,337750092,LOK JAGRAN KENDRA,KALIMANDIR STREET NEAR HANUMAN MANDIR BAGI TOLLA AT PO PS MANDURAMGARH825316,0.00
237,2015-2016,Jharkhand,337680010,Lok Jagrithi Kendra,At & P.O- Madhupur DeogharJharkhand-815353,0.00
238,2015-2016,Jharkhand,337780016,LOK KALYAN SEVA KENDRA,VILL  PO  DEVI NAGAR PS MAHESHPUR DIST  PAKURPAKUR816106,0.00
239,2015-2016,Jharkhand,337700022,Lok Kalyan Seva Sansthan,KadeliP.O.Paharidih (Jara Tikar) Via JarmundiDumka.Jharkhand-814141,0.00
240,2015-2016,Jharkhand,337680014,Lok Prerna,V.I.P. More B. DeogharJharkhand-814112,0.00
241,2015-2016,Jharkhand,337750060,Lok Prerna Kendra,"VILL TORAR HARIO
POST SHILACHATRA825103",0.00
242,2015-2016,Jharkhand,337680066,LOK PRERNA SAMADHAN,AT- BELABAGAN P O- DABURGRAMDEOGHAR814142,0.00
243,2015-2016,Jharkhand,337800123,Lok Swar,B-III/3580 DhurwaRanchi Jharkhand-834004,0.00
244,2015-2016,Jharkhand,337750048,Lok Utthan Kenddraa,At-PO-Katkam Sandi HazaribaghJharkhand-825334,0.00
245,2015-2016,Jharkhand,337800229,LOKHIT JANKALYAN SEVA SANSTHAN,ADARSH NAGARTATISILWAIRANCHI835103,0.00
246,2015-2016,Jharkhand,337720011,LORD BUDHHA MISSION,SATSANG NAGAR GODDAGODDA814133,0.00
247,2015-2016,Jharkhand,337820031,Loyola College of Education Jamshedpur Society,River View Area TELCO JamshedpurJharkhand-831004,0.00
248,2015-2016,Jharkhand,337800058,Lutheran Girls Hostel,Govindpur Home No.1824/22663 P.O. Govindpur Distt. RanchiJharkhand-,1781400.00
249,2015-2016,Jharkhand,337740008,Luthern High School Hostel,Gumla W.W. Gel Church Gumla Jharkhand-,0.00
250,2015-2016,Jharkhand,337720017,M AZAD EDUCATION AND WELFARE SOCIETY,VILLAGE BASANTPUR PO BASANTRAI BLOCK PATHARGAMADIST GODDA814155,0.00
251,2015-2016,Jharkhand,337660021,MACHHUARA YUVA MANCH,VILL.- SCHHOOL BALIDIH P.O.- BALIDIH BOKARO JHARKHANDBOKARO827014,0.00
252,2015-2016,Jharkhand,337800052,Maharshi Menhi Kalyan Kendra,Inderpuri Marg-One Sukdeo Nagar Ratu RoadRanchi Jharkhand-834005,0.00
253,2015-2016,Jharkhand,337730006,Maheshmunda Holy Cross Sisters Society,Maheshmunda Dist. GiridhJharkhand-,4017429.00
254,2015-2016,Jharkhand,337820069,Mahila Kalyan Samiti,AT/P.O. - Baharagora East SinghbhumBaharagora831101,0.00
255,2015-2016,Jharkhand,337660033,Mahila Mitra Mandal,Qr No 6079 Sector 4  Post Sector 4Bokaro Steel City827004,195990.00
256,2015-2016,Jharkhand,337750002,Mahila Mukti Sanstha,Takiya Mazar Road  NawabganjHazaribag Jharkhand-825301,0.00
257,2015-2016,Jharkhand,337790027,Mahila Samagara Utthan Samiti Daltonganj,Professor Colony G.L.A.College Road DaltonganjPalamauJharkhand.-822102,0.00
258,2015-2016,Jharkhand,337750043,Mahila Shilp Kala Kendra,PO: Sayal HazaribaghJharkhand-,0.00
259,2015-2016,Jharkhand,337660013,Mahila Shishu Jan Vikas Samiti,Sector-IX BSreet-14 Qr.No.762 Bokaro Steel CityBokaro-Jharkhand-827009,0.00
260,2015-2016,Jharkhand,337680055,Mahila Vikas Seva Kendra,AT-Joon Pokhar. DeogharDist.-DeogharJharkhand-814112,0.00
261,2015-2016,Jharkhand,337660015,Mahla Kalyan Samiti,Dhori Staff Quarter Near Dhori DispensaryDhoriDistt.BokaraJharkhand-825102,0.00
262,2015-2016,Jharkhand,337840003,Mahuadanr Carmel Hospital Society,Carmel Hospital Mahuadanr Latehar Distt.Jharkhand-822119,99800.00
263,2015-2016,Jharkhand,337840002,Mahuadanr Teresa High School Society,Mahuadanr P.O. Dist: LateharJharkhand-822119,0.00
264,2015-2016,Jharkhand,337750077,MAITRI,BRINDAVAN HOSPITAL CAMPUS RANCHI ROAD P.O-MARARRamgarh829117,0.00
265,2015-2016,Jharkhand,337700028,Manav Kalyan Kendra,Rakhabani Post-Dumka DumkaJharkhand-814101,0.00
266,2015-2016,Jharkhand,337750031,Manav Vikas,Vil: Barwan P.O. Ichaak Dist. HazaribaghJharkhand-852402,1701958.07
267,2015-2016,Jharkhand,337700018,Manavi,Professors Colony Shivpahar DumkaJharkhand-814101,377590.00
268,2015-2016,Jharkhand,337690015,MANTHAN,Po-KalyanpurBarwadda826004,0.00
269,2015-2016,Jharkhand,337800009,Manthan Yuva Sansthan,Hindpiri 3rd Street RanchiJharkhand-834001,0.00
270,2015-2016,Jharkhand,337800140,Markaz-E-Adab-O-Science,Tarique Manzil Bariatu Housing Colony Town/City -RanchiJharkhand.-834009,0.00
271,2015-2016,Jharkhand,337820056,Marshal Vikas Kendra,Village-Tirungbasa PO-Tantnagar Singhbhum WestJharkhand-,3732751.00
272,2015-2016,Jharkhand,337800119,Matrichaya,Tikli Toli Kanke Road RanchiJharkhand-834008,948541.60
273,2015-2016,Jharkhand,337800228,MAULANA JAUHAR ALI HEALTH AND EDUCATION FOUNDATION,H NO 77 VILL BARGAIN PO LEM BARGAIN DIST RANCHIRANCHI834009,0.00
274,2015-2016,Jharkhand,337750021,Medical Sisters of St. Francis Assisi,Assisi Bhawan Ramgarh Cantt. P.B.No.16Hazaribag Distt.  Jharkhand-829122,1153044.97
275,2015-2016,Jharkhand,337810007,MEED PUBLIC SCHOOL SOCEITY,AT PO SHRIKUND VIA BARHARWA DISTT SAHIGANJSAHIBGANJ816101,0.00
276,2015-2016,Jharkhand,337700013,Mission Evangelistic Association,Kusumdih P O AnsolDumka814101,6500554.00
277,2015-2016,Jharkhand,337800231,Mobile Agricultural School and Services,Parvati Kailasha  Gari Gaon  HotwarRanchi835217,0.00
278,2015-2016,Jharkhand,337660028,MOTHER TERESA HARIJAN ADIVASI DALIT UTTHAN MAHILA SAMITI,SECTOR-9B STREET 12 HOUSE NO. 306 P.O-SECTOR 9 P.S.-SECTOR 9 BOKARO ISPATNAGARBOKARO827010,0.00
279,2015-2016,Jharkhand,337700019,Mukti Niketan  Bhagalpur,Vill & PO Katoria Dist BankaJharkhand-813106,0.00
280,2015-2016,Jharkhand,337790038,MULTI  ART ASSOCIATION,reg  Office- maa bhawan  panki road  Working Office- Near Bazar samiti sudan Jharkhand Samay News paper BuldingDaltongnaj822102,0.00
281,2015-2016,Jharkhand,337790041,NAI RAH,MOH MUSLIM NAGAR MEDININAGAR PO AND PS MEDININAGAR DIST PALAMAUDaltonganj822101,0.00
282,2015-2016,Jharkhand,337820049,Naree Kalyan Kendra,Yatri Niwas lst  Floor  Amlatola Chaibasa West SinghbhumJharkhand.-833201,0.00
283,2015-2016,Jharkhand,337800045,National Multipurpose Development Society,House No.456 Shukla Colony  Hinoo Distt. Ranchi   Jharkhand-834002,0.00
284,2015-2016,Jharkhand,337750015,Nav Bharat Jagriti Kendra,Bahera Via Chouparan P.O. BrindavanDist: HazaribaghJharkhand-825406,25488149.85
285,2015-2016,Jharkhand,337790021,Nav Jivan Hospital Society,P.O. Satbarwa Distt. PalamauJharkhand-822126,86844.80
286,2015-2016,Jharkhand,337660018,Nav Yuvak Kala Manch,Rehlabilitation site Jainamore Bokaro Steel CityBokaro-829301,0.00
287,2015-2016,Jharkhand,337830016,NAVKIRAN SAMAJIK SEWA SURAKCHA SODH AND UTHAN SANSTHAN,SUBHASH CHOWK SARKHELDIH DIST JAMTARAJAMTARA801315,0.00
288,2015-2016,Jharkhand,337730015,Naya Sawera Vikas Kendra,At+Post= Atkadih Via- Bagodar Distt- GiridihJharkhand-825322,1125980.00
289,2015-2016,Jharkhand,337680017,Network For Enterprise Enhancement And Development Support,Behind SBI Training Centre Williams TownB. Deoghar (Jharkhand)-814112,23120108.72
290,2015-2016,Jharkhand,337820079,NEW EDUCATION  AND ENVIRONMENT VISION,21 RIVER VIEW ENCLAVE TELCO COLONYJAMSHEDPUR831004,35678.28
291,2015-2016,Jharkhand,337720013,NEW STAR YUWA TRUST,JHARKHAND PUBLIC SCHOOL   GROUND GLOOR SATSANG NAGARGODDA814133,0.00
292,2015-2016,Jharkhand,337700008,Northern Evangelical Lutheran Church,Bandorjuri Mission P.O. DumkaJharkhand-814101,17684288.00
293,2015-2016,Jharkhand,337800103,Oblate Sisiters Immaculate of Mary,Vill-Plandu PO- RampurRanchi-Jharkhand-834010,1255200.00
294,2015-2016,Jharkhand,337820081,Occupational Safety and Health Association of Jharkhand,1011 Satluj Vijayas Shatabdee SonariJamshedpur831011,553332.82
295,2015-2016,Jharkhand,337830010,ONKAR SEVA SANSTHAN,P.BANERJEE ROAD P.O- MIHIJAM DIST.- JAMTARAMIHIJAM815354,736000.00
296,2015-2016,Jharkhand,337780002,Paharia Seva Samiti,Satia P.O. Mohulbona Pakur Jharkhand -816104,4574000.00
297,2015-2016,Jharkhand,337820001,Para Medical Society,Road No-4/13 Telco Bari Nagar Post-Telco JamshedpurEast Singhbhum  Jharkhand-831004,0.00
298,2015-2016,Jharkhand,337800137,Parau Hadam Memorial Development Society,Kongari Villa Opp.-SDA Hospital Bariatu Road Ranchi Jharkhand.-834009,331320.00
299,2015-2016,Jharkhand,337760007,Pardarshi,At-Post Chandwara Ranchi-Patna Road KodermaJhumri Telaiya825421,0.00
300,2015-2016,Jharkhand,337680063,Paritran Trust,Castairs TownBawan Bigha814112,0.00
301,2015-2016,Jharkhand,337820024,Parivar Kalyan Sansthan,Plaza Dispensary Complex Telco JamshedpurSinghbhum-Jharkhand-831004,825000.00
302,2015-2016,Jharkhand,337660014,Paryas Sewa Sanssthan,Qr. No. 85/10Govt. Colony IE Gomia(PO)Bokaro-Jharkhand-829112,0.00
303,2015-2016,Jharkhand,337820011,Paryavaran Chetna Kendra,P.O.Potka Village Barasigdi Post- Potka   P.S. -PotkaDistrict-East Singhbhum  Jharkhand-831002,242550.00
304,2015-2016,Jharkhand,337750035,Patratu School of Economics,Patratu Thermal Power Station Hazaribagh-Jharkhand -829119,0.00
305,2015-2016,Jharkhand,337660005,Peace Bird Society,Asha Vihar Chilgadda Via-JainamoreBokaro (Jharkhand)-829301,830552.00
306,2015-2016,Jharkhand,337680041,Pentecostal Holiness Church,Madhupur  Distt. Deogarh Jharkhand -,12481309.00
307,2015-2016,Jharkhand,337680013,Phooleen Mahila Chetna Vikas Kendra,At Bhoktachoorant P.O. Ramchandrapur (Madhupur)Dist. DeogharJharkhand-815353,1691757.50
308,2015-2016,Jharkhand,337690016,PITAMBARA JAN KALYAN TRUST,VILLAGE-DHARKIRO P.O. ROWAM P.S. KATRAS DISTRICT DHANBADDHANBAD828113,0.00
309,2015-2016,Jharkhand,337720006,Poreyahat Mercy Hospital Society,Mercy Hospital Gungasa P.O. Godda Jharkhand -,1771878.00
310,2015-2016,Jharkhand,337830002,Prabala Samaj Sevi Sanstha,Aurobindo ColonyMihijam815354,0.00
311,2015-2016,Jharkhand,337680047,Prabha Bharti,Campus National Public School Town/city/Distt-DeogharJharkhand-814112,0.00
312,2015-2016,Jharkhand,337730024,Pragati Kendra,At _ Sihodih P.O.- SirsiaGiridih815301,0.00
313,2015-2016,Jharkhand,337820048,Pragati Luyadih,Rasunchpa At. Balidih P.O. BasunchapaSinghbhumJharkhand-98(67),0.00
314,2015-2016,Jharkhand,337730007,Pragatisheel Yuva Kendra,At/PO Ishari Bazar GiridhJharkhand-825107,0.00
315,2015-2016,Jharkhand,337680058,Pragya Foundation,Pathar Chapti Road MadhupurDistt Deoghar815353,0.00
316,2015-2016,Jharkhand,337750026,Prakash Jan Seva Sanstha,Nutan Nagar P.O. KorraHazaribagh-Jharkhand-825301,0.00
317,2015-2016,Jharkhand,337800163,Pramhans Enviro Social Educational Medical Reseach Centre,I-131 Sainik Bazar Main Road PS-Hindpiri Dist. RanchiJharkhand-834001,0.00
318,2015-2016,Jharkhand,337800222,PRATIGYA,CD-611  SECTOR-2  HEC DHURWARANCHI834004,187237.00
319,2015-2016,Jharkhand,337680015,Pravah,Bompass TownDeoghar814112,75494214.43
320,2015-2016,Jharkhand,337820061,PREM  JOYTI PRANGAN,GATE NO.8KEENAN STADIUMJRD SPORTS COMPLEXJAMSHEDPUR831001,402394.00
321,2015-2016,Jharkhand,337830003,Prem Niketan Society,Sacred Heart Convent North Town Bistupur PO JamshedpurJharkhand -831001,65000.00
322,2015-2016,Jharkhand,337830001,Prerana Bharati,High School Road At.-Pathar Chapti High School Road P.O. MihijamDist .Jamtara (Jharkhand)-815354,0.00
323,2015-2016,Jharkhand,337710008,PRERNA (PROGRAMME FOR RURAL EMPLOYMENT EDUCATION AMONG RURAL NEIGHBOUR ASSOCIATION),MADARSA ROAD UNCHRIGARHWA822114,0.00
324,2015-2016,Jharkhand,337750095,Prerna Rural Development Society,Harli BarkagaonHazaribag825311,0.00
325,2015-2016,Jharkhand,337730026,prince art and rural development society,at- cinema road po rajdhanwarGIRIDIH825412,0.00
326,2015-2016,Jharkhand,337750038,Program for Rural Action & Youths  Association for Social Services,Kanahari Hill Road Training School HazaribaghJharkhand-825301,0.00
327,2015-2016,Jharkhand,337660008,Pujya Taapaswi Sri Jagjeevan Jee Maharaj Chakchu Chikitssalaya,P.O. Petarbar BokaroJharkhand-829121,865622.00
328,2015-2016,Jharkhand,337820082,R P Patel Cheshire Home,Patel Bagan PO Sundernagar Tatanagar District East SinghbhumJamshedpur832107,0.00
329,2015-2016,Jharkhand,337680062,RACHNA,CHITABHUMI C.D.DWARY ROAD BILASI TOWN DEOGHARDEOGHAR814117,0.00
330,2015-2016,Jharkhand,337750078,RAJIV GANDHI MEMORIAL TRUST,NEW COLONY DIPUGADHA NEAR RAILWAY COLONY KANARY HILL ROADHAZARIBAG825301,0.00
331,2015-2016,Jharkhand,337750083,RAJRAPPA GRAMIN VIKAS SANSTHA,BARLONG KUNDRUKALAN CHITARPURRAMGARH825101,0.00
332,2015-2016,Jharkhand,337820060,Rama Krishna Math,Dahigora ghatshilaeast singhbhum832303,1247265.75
333,2015-2016,Jharkhand,337680027,Ramakrishana Mission Vidyapeeth,Ramakrishna Nagar P.O. Vidyapeeth Distt. DeogharJharkhand-814112,427162.00
334,2015-2016,Jharkhand,337830007,Ramakrishna Math,P.O.Jamtara. Distt. JamtaraJharkhand-815351,10000.00
335,2015-2016,Jharkhand,337800082,Ramakrishna Mission Ashrama,Morabadi RanchiJharkhand-834008,619571.00
336,2015-2016,Jharkhand,337800065,Ramakrishna Mission Tuberculosis Sanatorium,P.O. Ramakrishna Sanatorium Dist: RanchiJharkhand -835221,572441.00
337,2015-2016,Jharkhand,337820047,Ramakrishna Mission Vivekananda Society,L Road Bistpur JamshedpurJharkhand-,1041901.47
338,2015-2016,Jharkhand,337800226,Ramanujam Jankalyan Trust,Chunna Bhatta Kokar RanchiRanchi834001,0.00
339,2015-2016,Jharkhand,337800051,Ranchi  Franciscan  Society,Franciscan  Training Institute RanchiJharkhand-834001,15139870.32
340,2015-2016,Jharkhand,337800099,Ranchi Carmellite Society,Carmel Nivas  Hazaribagh RoadKokarRanchi-Jharkhand-834009,26416440.90
341,2015-2016,Jharkhand,337800018,Ranchi Catholic Archdiocese,Purulia Road RanchiJharkhand-834001,51159065.00
342,2015-2016,Jharkhand,337800054,Ranchi Holy Cross Sisters Society,Burdwan CompoundHoly Cross Convent RanchiJharkhand-834001,8597098.00
343,2015-2016,Jharkhand,337800020,Ranchi Jesuits,Provincial's Residence Manresa House P.B.2  RanchiJharkhand-834001,50644378.50
344,2015-2016,Jharkhand,337800059,Ranchi Loreto Educational Society,Loreto Convent RanchiJharkhand-834002,0.00
345,2015-2016,Jharkhand,337770003,Ranchi Pallotine Society,Pallotti Sadan Kuru LohargadaJharkhand.-835213,529200.00
346,2015-2016,Jharkhand,337800028,Ranchi Ursuline Society,273\303 Kanke Road Distt. RanchiJharkhand-834008,15047425.53
347,2015-2016,Jharkhand,337760001,Rashtriya Jharkhand Seva Sansthan,Village Sihash P.O.-Satgawan Town/City:Batgawan District:Koderma Jharkhand.-805132,0.00
348,2015-2016,Jharkhand,337800100,Rasschret Educational Society,Bishop's House P.O. KhuntiRanchi-Bihar-835210,0.00
349,2015-2016,Jharkhand,337720019,RASTA   REGULATORY ASSOCIATION FOR SOCIAL AND TERRITORIAL ASSIST,AT GAYATRI  NAGAR NAHAR CHOWK GODDA PO GODDAGODDA814133,65378.24
350,2015-2016,Jharkhand,337740020,Rengarih Ursuline Society,C/o Ursuline Convent. P.0.RengarihJharkhand.-835223,0.00
351,2015-2016,Jharkhand,337660030,Rukmini Devi Educational and cultural Society,Maa Durga mandir Vill Phusro Po. Phusro Bazar Thana . BermoBokaro829144,0.00
352,2015-2016,Jharkhand,337660019,Rupayani,Chatal Type P.O-Tenughat(RB)-O1 BokaroJharkhand.-829123,0.00
353,2015-2016,Jharkhand,337820063,Rural Outright Development Society,At- C-7/7 Mosaboni No- 3 Post- Mosaboni MinesMosaboni832104,0.00
354,2015-2016,Jharkhand,337700026,Rural Tribal Development Foundation Dumka,Kurwa Champanagar DumkaJharkhand-814101,0.00
355,2015-2016,Jharkhand,337730022,S R D C,AT.- KANDOTOLA P.O- PACHAMBA DIST.- GIRIDIHGIRIDIH815316,0.00
356,2015-2016,Jharkhand,337820041,Sahayogi Mahila,At- Bagrai sai Po- Gobindpur Town/City- Raj Nagar Seraikella-Kharswana Jharkhand-831002,0.00
357,2015-2016,Jharkhand,337850002,Sahbhagi Vikas,Thakurtoli. SimdegaJharkhand.-835223,0.00
358,2015-2016,Jharkhand,337720016,SAHELI,GANGTA KHURD NEAR HANUMAN MANDIRGODDA814133,0.00
359,2015-2016,Jharkhand,337800200,sahiya,vill-po. tangar (bijupara) block- chanhoranchi835214,0.00
360,2015-2016,Jharkhand,337660020,Sahyogini,Bahadurpur(Jainamore) BokaroJharkhand-829301,102540.00
361,2015-2016,Jharkhand,337750049,SAMADHAN,Near Dr Bhanu Shankar s Nursing Home Lohsingna RoadPO and District Hazaribagh825301,700466.60
362,2015-2016,Jharkhand,337660002,Samaj Hit Kalyan Samiti,AbhinandanA-7(P) Biada Housing ColonyBokaro Steel City827012,0.00
363,2015-2016,Jharkhand,337840001,Samaj Pragati Kendra,Panchpheri BalumathLatehar-829202,2596397.00
364,2015-2016,Jharkhand,337840004,Samaj Vikas Sanstha,PO. Chandwa Distt. LateharJharkhand-829203,0.00
365,2015-2016,Jharkhand,337730009,Samajik Parivartan Sansthan,Srikrishna Nagar 2nd LaneGiridih-Jharkhand-815301,590000.00
366,2015-2016,Jharkhand,337750027,Samajik Samasya Nivaran Awam Kalyan Sansthan,Gandhi Nagar Matwari MaidanHazaribagh-Jharkhand-825301,0.00
367,2015-2016,Jharkhand,337760008,SAMANWAY SANSTHAN,MARIYAMPURKODARMA825410,0.00
368,2015-2016,Jharkhand,337760009,samarpan,sunder nagarkoderma825410,1795100.00
369,2015-2016,Jharkhand,337800190,SAMARPAN CHARITABLE TRUST,KEDIA NIWAS MEAR MARWARI COLLEGE RAJGURU COMPOUNDRANCHI834001,6350.00
370,2015-2016,Jharkhand,337750012,Samekit Gramin Vikas Kendra,Vill & P.O. Ichak Hazaribagh -825402,0.00
371,2015-2016,Jharkhand,337820003,Samekit Jan Vikas Kendra,Patel Bagan Sundernagar P.O. JamshedpurJharkhand-833201,0.00
372,2015-2016,Jharkhand,337790019,Sampurna Gram Vikas Kendra,Panki Road Redma P.O. Daltonganj Distt. PalamauJharkhand-822101,10296813.02
373,2015-2016,Jharkhand,337820072,SAMRIDHI,LINE NO. 1 BAGAN NO. 3 KASHIDHI SAKCHIJAMSHEDPUR831001,0.00
374,2015-2016,Jharkhand,337750057,Samuel Hahneman Associates & Research Centre,"LAKHEYP.O KORRAH
HAZARIBAGHAZARIBAG825303",1348084.00
375,2015-2016,Jharkhand,337800125,SAMVAD,Flat No 301-A Urmila Enclave Peace RoadPost Office Lalpur Ranchi834001,15593675.00
376,2015-2016,Jharkhand,337700029,Sangit Chetna,Hansdiha(Near Shiv Mandir) PO- Hansdiha DumkaJharkhand-814145,0.00
377,2015-2016,Jharkhand,337800227,SANKALP JYOTI,SANTMAN NAGAR ROAD NO - 2 IMMAM KHOTI KOKARRANCHI834009,0.00
378,2015-2016,Jharkhand,337680022,Santhal Pargana Anthodaya Ashram,Daya Ashram Purandaha B. DeogharJharkhand-814112,0.00
379,2015-2016,Jharkhand,337680023,Santhal Pargana Gramodyog Samiti,P.O. Baidyanath Deoghar Jharkhand -814112,0.00
380,2015-2016,Jharkhand,337800219,SARVANGIN GRAM VIKAS SANSTHA,"HEAD OFFICE -SGVS HOSPITAL AND RESEARCH CENTRE  CAMPUS 
NH 75E KHUNTI CHAIBASA ROAD 
KHUNTI 
JHARKHANDKHUNTI835210",2201980.00
381,2015-2016,Jharkhand,337790013,Sarwangin Gram Vikas Kendra,Shivaji Maidan Area Daltonganj PalamauJharkhand-822101,0.00
382,2015-2016,Jharkhand,337720007,Sathee Society for Advancement in Tribes Health Education Environment,Professor Colony GoddaJharkhand-,13179147.00
383,2015-2016,Jharkhand,337800021,Sathya Bharati Ranchi,Purulia Road P.B No. 2 RanchiJharkhand-834001,353299.00
384,2015-2016,Jharkhand,337680025,Satsang,P.O. Satsang DeogharJharkhand-,8453414.00
385,2015-2016,Jharkhand,337790040,SAUGAHT FOUNDATION,At Sudna PO Sudna Medininagar District Palamu Jharkhand Pin 822101 JharkhandDaltonganj822101,650000.00
386,2015-2016,Jharkhand,337730027,SAVERA FOUNDATION,AT.- TISRI GAMHARIYATAND P.O.- TISRIGIRIDIH815317,1880894.00
387,2015-2016,Jharkhand,337750061,Serve the Society For Empowerment and Women Advancement,Chhota Akhara Road Ichak Ichak HazaribaghJharkhand-825402,0.00
388,2015-2016,Jharkhand,337680024,Seva Mandal Parivar Kalyan Yojna,Sujani  PO Ghorlas DeogharJharkhand-814112,0.00
389,2015-2016,Jharkhand,337800186,Sewa Neelayam Trust,Master Line  Gossner High School Compound ( Behind GEL AC Complex ) P. S. Lower BazarRanchi834001,0.00
390,2015-2016,Jharkhand,337820070,SHIKSHIT BEROJGAR MAHILA SAMITI,WARD NO-18 GUTUSAICHAIBASA833201,0.00
391,2015-2016,Jharkhand,337800212,Shiv Shishya Pariwar,B 254 Mecon Co opeartive Society Near DAV Hehal School Kathal More RanchiRanchi834005,0.00
392,2015-2016,Jharkhand,337820016,Shramajivi Mahila Samiti,Raj Bhavan 15 Gunmoy Colony MangoJamshedpurEast Singhbhum-Jharkhand-831012,353338.00
393,2015-2016,Jharkhand,337820028,Shramajivi Unnyan,Gobarghusi  Via Patamda SinghbhumJharkhand-832105,0.00
394,2015-2016,Jharkhand,337660009,Shree Amar Sanskar Kalyan Kendra,Bhuchungdih Road Bokaro Steel City Distt. BokaroJharkhand-829301,0.00
395,2015-2016,Jharkhand,337750054,Shree Ramakrishna Shanti Ashram,Vivekanand Path HazaribaghJharkhand-825301,0.00
396,2015-2016,Jharkhand,337660023,SIMANCHAL JANKALYAN SAMITI,VILL. BANSGARI PO - GALGALTAND CHANDANKIYARICHANDANKIYARI828134,0.00
397,2015-2016,Jharkhand,337740018,Simdega Catholic Aieceran Education Society,Bishop's House SimdegaJharkhand-835223,0.00
398,2015-2016,Jharkhand,337740016,Simdega Catholic Diocese,Bishops House P.O. GotraDistrict- Gumla Jharkhand -835223,11796855.51
399,2015-2016,Jharkhand,337800094,Sinduar Tola Gramodaya Vikas Vidyalaya,Morabadi At. Sinduar Tola Dist: RanchiJharkhand-834008,65378.00
400,2015-2016,Jharkhand,337820017,Sirijan Mahila Vikas Manch,Bangla Tand Ward No.12 ChakradharpurWest Singhbhum-Jharkhand-833104,0.00
401,2015-2016,Jharkhand,337820023,Sisters of Providence of Gap Society,Jyoti Niketan Sahibganj Jharkhand -816109,490607.00
402,2015-2016,Jharkhand,337800017,Sisters of St. Joseph Training School,Asha Nivas  P.B.No.35 Doranda Post RanchiJharlkhand-834002,1862300.00
403,2015-2016,Jharkhand,337800003,Sisters of the Charity of St. Vincent De Paul,Khorha Toli Kokar RanchiJharkhand-834001,4175581.00
404,2015-2016,Jharkhand,337820042,Social  & Healthy Action for Rural Empowerment,Vill. & Po- Sarjamda JamshedpurEast SinghbhumJharkhand-831002,0.00
405,2015-2016,Jharkhand,337750085,Social Action for Rural development (SARDA),Sarda Bhawan Ramgarh Cantt.Ramgarh829122,0.00
406,2015-2016,Jharkhand,337750050,Social Action Foundation,Pugmil New Basti Near Fahima AcademyHazaribagh-825301,0.00
407,2015-2016,Jharkhand,337830017,Social Agency for Research Information and Transformational Action,Gurudwara Road Behind GurudwaraMihijam815354,0.00
408,2015-2016,Jharkhand,337800208,SOCIAL AWARENESS FOR DEMOCRATIC ART AND RESEARCH,H B ROAD THARPAKHANARANCHI834001,0.00
409,2015-2016,Jharkhand,337800109,Social Development Centre,Purulia Road RanchiJharkhand-834001,1392360.70
410,2015-2016,Jharkhand,337800203,SOCIAL INITIATIVES FOR GROWTH AND NETWORKING (SIGN),3RD FLOOR DR. CAMIL BULCKE PATH P B. NO. 5RANCHI834001,29869424.16
411,2015-2016,Jharkhand,337700030,Social Welfare Development Organisation,Sarai Road Dumka District- DumkaJharkhand-814101,0.00
412,2015-2016,Jharkhand,337800015,Society  For Rural Industrialisation,Village Gari P.O. Bariatu RanchiJharkhand-834009,0.00
413,2015-2016,Jharkhand,337800077,SOCIETY FOR CULTURAL AND SOCIAL DEVELOPMENT,Loyola Training Centre Purulia Road RanchiJharkhand -834001,0.00
414,2015-2016,Jharkhand,337770007,SOCIETY FOR EMPLOYMENT OF RURAL WOMEN,VILL-GOSAITOLI POST-KISKO DIST-LOHARDAGALOHARDAGA835302,0.00
415,2015-2016,Jharkhand,337790008,Society For Environment & Social Awareness,Church Road Balwatika P.O. Daltonganj PalamauJharkhand-822101,75000.00
416,2015-2016,Jharkhand,337750011,Society for Hill Area Development,Vill. Chetar P.O. Gosa Via ChitarpurHazaribagh (Jharkhand)-825101,0.00
417,2015-2016,Jharkhand,337800005,Society for Human Ability and Right Endeavour,63 New A.G.Colony Kadru RanchiJharkhand-834002,0.00
418,2015-2016,Jharkhand,337800012,Society for Human Assistance and Rural Empowerment,Pathai Kudwa RaanchiJharkhand-834001,897087.00
419,2015-2016,Jharkhand,337800146,Society for Partipatory Action Research and Knowledge,Ramjan Colony Kanta Toli GPO Sadar  Ranchi-834001.Ranchi Jharkhand.-834001,0.00
420,2015-2016,Jharkhand,337820035,Society For Reformation & Advancement,Adivasis Asara Building Tambo ChaibasaSinghbhum (W) Jharkhand - 83320,5318779.00
421,2015-2016,Jharkhand,337800196,SOCIETY OF ABBEY OF BERNE,ST. MICHAELS CHURCH SIMDEGA ROADKHUNTI835210,5672943.00
422,2015-2016,Jharkhand,337840008,SOCIETY OF GRASS ROOT DEVELOPMENT,CHAKRIYA VIKAS NIWASBARWADIH822111,0.00
423,2015-2016,Jharkhand,337790005,Society of Hill Resource Management School,Chakriy Vikas Yojna Mohan- Rerma  Devi Mandap RoadDaltonganj   Palamau Jharkhand -822102,0.00
424,2015-2016,Jharkhand,337800153,Society of Pilar Bihar,All Saint Catholic Church Doranda ((Near Rajendra Chowk)Ranchi Jharkhand.-834002,0.00
425,2015-2016,Jharkhand,337800066,Society of Ranchi Franciscan Brother,Assisi Ashram Lowadih Namkum Distt. Ranchi Jharkhand-834010,0.00
426,2015-2016,Jharkhand,337820033,Socio Economic & CEducation Development,Xlri Campus Circuit House Area Jamshedpur Jharkhand -831001,1802039.54
427,2015-2016,Jharkhand,337790037,Socio Economic and Environmental Development Society (SEEDS),At-Jailhata Opposite-PWD Office P.O  P.S.- MedininagarDaltonganj822101,0.00
428,2015-2016,Jharkhand,337820064,SOMAYA MEMORIAL CHILDREN S HOME,Sankosai P.O.- MangoJamshedpur831018,0.00
429,2015-2016,Jharkhand,337800167,South Vihar Welfare Society for Tribal,H.No. 134 Khunti Bhawan South para DorandaRanch834002,34927.00
430,2015-2016,Jharkhand,337820038,SPACE Foundation,Vill- Turi Po-Gitilata Distt;- East SinghbhumJharkhand-832107,0.00
431,2015-2016,Jharkhand,337750007,Sri Ramakrishna Sarada Math & Mission,Rabindra Path  HazaribagJharkhand-825301,0.00
432,2015-2016,Jharkhand,337750013,Srijan Foundation,Ambika house Near PTC Chowk Kanhari Hill RoadHazaribagh Jharkhand-825301,22223438.00
433,2015-2016,Jharkhand,337820089,ST JOSEPH S HOSPITAL,KRIPA SADAN BHILAI PAHARIJAMSHEDPUR831012,24630.00
434,2015-2016,Jharkhand,337800027,St. Albert's College,Karbala Tank Road P.B.5 RanchiJharkhand-834001,10545274.35
435,2015-2016,Jharkhand,337750018,St. C.D. Columbus Hospital Society,St. Columba's Hospital HazaribaghJharkhand-825301,2016306.00
436,2015-2016,Jharkhand,337800176,St. Josephs Convent Educational Society,Cluny Convent 8 Hazaribagh Road Deepatoli P.O. - R.M.C.H.Ranchi834009,0.00
437,2015-2016,Jharkhand,337800120,St. Josephs' Education Society,St. Josephs' college Town/city:- TorpaDistt.:-Ranchi Jharkhand-835337,0.00
438,2015-2016,Jharkhand,337800024,St. Michael School For the Blind,Old H.B. Road P.O. Box No.1 Ranchi .Jharkhand-834001,233072.00
439,2015-2016,Jharkhand,337750028,St. Stanslans College,Sitagarha P.O. Distt. HazaribaghJharkhand-825301,123420.00
440,2015-2016,Jharkhand,337740015,St.Paul Tonga Residence School,Catechists School Tongo Ranchi Jharkhand-835206,0.00
441,2015-2016,Jharkhand,337750045,Stri Shakti,Gandhi Nagar(SE) College MorHazaribagh-Jharkhand-825301,140500.00
442,2015-2016,Jharkhand,337750001,Support,P.O.-Mandu HazaribagJharkhand-825316,3762908.00
443,2015-2016,Jharkhand,337800049,Support For Sustainable Society,139 A.G.Co.Operative Colony Kadru P.O DorandaDistt. Ranchi Jharkhand-834002,0.00
444,2015-2016,Jharkhand,337720020,SWAMI VIVEKANAND ANATH SURAKSHA ASHRAM,House No-627 Holding No-35 Jayprakash NagarGodda814133,0.00
445,2015-2016,Jharkhand,337750053,Swaraj Foundation,AT &PO Rola Via Korrah HazaribaghJharkhand-825301,488212.00
446,2015-2016,Jharkhand,337830015,SWASTHYA SURAKSHA EDUCATIONAL AND SOCIAL TRUST,Homeopathy College Road MihijamMihijam815354,0.00
447,2015-2016,Jharkhand,337820050,Tata  Steel Family initiatives foundation,Centre for Family Initiaives RoaD no.-3 B.h.Area P.O.KadmaJamshedpurEast Singhbhum-831005,0.00
448,2015-2016,Jharkhand,337820002,Tata Relief Committee,C/o TISCO General Office Building Jamshedpur East Singhbhum Jharkhand-831001,0.00
449,2015-2016,Jharkhand,337820053,Technolo;gy Resource Communication and Service Centre,H.no.1554(Near Shiv Temple) Dimna Basti Near MGM   Cikkegem DimnaJamshedpurEast Singbhum-831018,1055412.57
450,2015-2016,Jharkhand,337820077,TEMESCA,VILL-JAHERDIHP.O-BANKISOLEP.S-DUMURIAPIN-832104DUMURIA832104,0.00
451,2015-2016,Jharkhand,337700031,The Adivasi and Other Classes Development and Welfare,Autonomous Association(ADWAA) Shiv Pahar DumkaJharkhand-814101,0.00
452,2015-2016,Jharkhand,337800187,THE CAMILLIAN SISTERS SOCIETY,Kumhar Toli 2nd LanePurulia Road Ranchi834001,1236536.00
453,2015-2016,Jharkhand,337790020,The Catholic Christian Minority Board of Education,Station Road Daltonganj PalamauJharkhand-822101,0.00
454,2015-2016,Jharkhand,337660017,The Christian Assembly of Bihar,Sector XIILQtr. No.4015 Bokaro Steel CityJharkhand-,208495.00
455,2015-2016,Jharkhand,337800104,The Congregation of the Daughters of St. Anne,St. Anne's Generalate Loadih P.O. NamkumDistt. Ranchi Jharkhand.-735101,33490764.20
456,2015-2016,Jharkhand,337740019,The Daughters of St.Anne,St. Anne's Provincialte Sisai Road GumlaJharkhand-835207,0.00
457,2015-2016,Jharkhand,337800040,The Institute of Sister of Charity,Hulhundu P.O. Distt. Ranchi Jharkhand-835221,0.00
458,2015-2016,Jharkhand,337720009,The Poreyahat Holy Family Society,Poreyanhat Santhal Pargana Jharkhand -814153,3056523.00
459,2015-2016,Jharkhand,337800101,The Sisters of St.Charles Society,St. Charles Convent Hesag HatiaRanchi-Jharkhand-834003,6331685.00
460,2015-2016,Jharkhand,337700032,THE SOCIETY FORCHRISTIAN WITNESS,BARACHAPURIABARACHAPURIA814166,0.00
461,2015-2016,Jharkhand,337780010,Theodori Christian Hospital,Maheshpur Raj SahibganjPakur Jharkhand-,771300.00
462,2015-2016,Jharkhand,337780006,Theodori Rural Development Project,Chandrapura P.O. Maheshpur Raj Distt. Pakur Jharkhand -816106,12965122.82
463,2015-2016,Jharkhand,337750006,Tolstoy Farm,Anna Karenina Village+P.O.-BarkagaonHazaribagh Jharkhand-825311,0.00
464,2015-2016,Jharkhand,337800221,TORANG Trust,tharpakhnaRanchi834001,75500.00
465,2015-2016,Jharkhand,337800070,Torpa Rural Development Society For Women,Centre for Womens Development Tapkara Road Distt. RanchiJharkhand-,4547311.67
466,2015-2016,Jharkhand,337820014,Tribal Cultural Society,Tribal Cutural Centre Sonari NorthJamshedpur Jharkhand-831011,1500000.00
467,2015-2016,Jharkhand,337680057,Tribal Foundation,Krishnayan Near Dabur GramPO- Belabagan814132,0.00
468,2015-2016,Jharkhand,337800032,Tribal Handicrafts Marketing Cell,P.B.7 Purulia Road Distt. Ranchi Jharkhand-834001,0.00
469,2015-2016,Jharkhand,337800118,"Tribal Humanity Development Activity ""THUDA""",Jorar Namcom RanchiJharkhand-834010,1019675.00
470,2015-2016,Jharkhand,337800218,UDYAMI ADIVASI VIKAS KENDRA,DAYALNAGAR  POST  HESAL PS  SUKHDEONAGAR DISTRICT  RANCHI  JHARKHANDRanchi834005,0.00
471,2015-2016,Jharkhand,337770001,Vanvasi Kalyan Kendra,Gumla Road LohardagaJharkhand-835302,0.00
472,2015-2016,Jharkhand,337680067,VASHISTHA NATURE WATCH,Kusum Cottage Near Lal Kothi Purandaha PO Ps and Dist DeogharDeoghar814112,16741.50
473,2015-2016,Jharkhand,337760006,VEER JHARKHAND VIKAS SEVA MANCH,LOCHANPURKODERMA825410,0.00
474,2015-2016,Jharkhand,337820074,Vidya Niketan,At- Dharambhal Fuldungri Post- GhatsilaGhatsila832303,0.00
475,2015-2016,Jharkhand,337800043,Vihar Samaj Kalyan Sansthan,Hawai Nagar P.O. Hatia Distt. RanchiJharkhand -834003,0.00
476,2015-2016,Jharkhand,337680021,Vikalp,Salonatond DeogharJharkhand -814112,0.00
477,2015-2016,Jharkhand,337740017,Vikas Bharti,Bishunapur GumlaJharkhand-835331,2795474.00
478,2015-2016,Jharkhand,337750014,Vikas Foundation,At-Pagmil Opp Fahima Acadamy PO-HazaribaghHazaribagh disttJharkhand-825301,1421888.00
479,2015-2016,Jharkhand,337740011,Vikas Kendra Simdega,P.O. - Gotra Simdega Dist-  GumlaRanchi Jharkhand-835223,0.00
480,2015-2016,Jharkhand,337790001,Vikas Sahyog Kendra,Semartar BirsanagarShahpur Chainpur Daltonganj822110,0.00
481,2015-2016,Jharkhand,337700036,Vikas Uday Kendra,W.O- At - Tulsi (mandaldih) Po - Chilra Via - SarayahatDumka814151,0.00
482,2015-2016,Jharkhand,337700024,Vikash Bharati Foundation,Vill- Mandal Dih Po-Chilra Distt-DumkaJharkhand-814151,0.00
483,2015-2016,Jharkhand,337790004,Voluntary Education Development and Integrated Cultural Societ y,(Vedic Society) Vill. Ranki Khurd  PO- Rankikala  Via. SatbarwaDistt. PalamauJharkhand-822126,5700000.00
484,2015-2016,Jharkhand,337800131,Voluntary Health Action for Jharkhand,WSi Asirbadh Apartment A.G.Office Road DorandaDistt: Ranchi Jharkhand-834002,0.00
485,2015-2016,Jharkhand,337790026,Women and child development centre,Gayatri Mandir Road Sudana Town/city-MedninagarDistt.= Palamu Jharkhand-822101,0.00
486,2015-2016,Jharkhand,337750041,Xavier Education & Development Society,Prerana Resource Centre Suresh Colny Mor Dist. HazaribaghJharkhand-825301,0.00
487,2015-2016,Jharkhand,337820080,XAVIER INSTITUTE FOR TRIBAL EDUCATION,TATA COMPLEX COLONYGAMHARIA832108,0.00
488,2015-2016,Jharkhand,337800034,Xavier Institute of Social Service,Purulia Road P.B.7 Distt. RanchiJharkhand-83400,2374697.00
489,2015-2016,Jharkhand,337820032,Xavier Labour Relations Institute,Post Box No.222 Charea (LE)Jamshedpur Jharkhand-,0.00
490,2015-2016,Jharkhand,337750047,Xaviers Hazaribagh Association,P.O.  61 HazaribaghJharkhand-825301,45350360.67
491,2015-2016,Jharkhand,337800019,Xaviers Ranchi,St. Xavier's College P.B.9 Purulia RoadRanchiJharkhand-834001,0.00
492,2015-2016,Jharkhand,337780001,Yadgar Foundation,Station Road Pakur-DisttJharkhand-816107,0.00
493,2015-2016,Jharkhand,337680052,Young Action for Mass Yam(India),Bidhu Bhushan Sakar Road Barmasia. B.Deoghar DeogharJharkhand.-814112,0.00
494,2015-2016,Jharkhand,337660004,YOUNG MENS CHRISTIAN ASSOCIATION,Sec-IV/C Qr. No. 2117 Bokaro Steel CityBokaro-827004,0.00
495,2015-2016,Jharkhand,337800033,Young Mens Christian Association,Old Hazaribagh Road  Johannessen Bdg. Distt. Ranchi Jharkhand-834001,0.00
496,2015-2016,Jharkhand,337820044,Youth Unity for Voluntary Action (YUVA).,Munshi Mohallah  Parsudih JamshedpurJharkhand.-831002,0.00
497,2015-2016,Jharkhand,337750090,YUVA  YOUTHS UNION FOR VOLUNTARY ACTION,HOUSE NO 66 ROAD RABINDRA PATH HURHURU WESTHAZARIBAG825301,1733450.00
498,2015-2016,Jharkhand,337730020,Yuva Sangam,Vill-Dudhitand po-Bengabad Dist-Giridih (Jharkhand)-815312Giridih815312,0.00
