S.No,Year,State,Registration No,Association name,Address,Amount of FC Received
1,2016-2017,Madhya Pradesh,063190026,AADHAR FOUNDATION,OPPOSITE AYUSH DHABA NEAR IQRA CONVENT SCHOOL PARASIA ROAD POAMA CHHINDWARACHHINDWARA480001,38363.00
2,2016-2017,Madhya Pradesh,063210012,AAdharshila Sansthan,Post Box No.11  Marutal DamohDamoh470661,168694588.00
3,2016-2017,Madhya Pradesh,063350011,AADIVASI BAIGA VIKASH  UTTHAN  SAMITI,GAYATRI NAGAR WARD NO 20 DEODRAMANDLA481661,0.00
4,2016-2017,Madhya Pradesh,063160065,Aarambh Education & Community Development Society,52-C Inderpuri  B.H.E.L. BhopalMadhya Pradesh-462021,3009010.00
5,2016-2017,Madhya Pradesh,063300138,AAS,I 43 LIG COLONY RSS NAGAR INDOREIndore452012,0.00
6,2016-2017,Madhya Pradesh,063180014,Abhar mahila samiti chhatrapur (m.p.),jawaher Road Bumani cheep Balon Ke Bagal Main Chhatarpur (m.p.)Chhatarpur471001,0.00
7,2016-2017,Madhya Pradesh,063460028,ABHINAYTOSH MAHILA BAL VIKAS SAMITI,FPAI SEVA HOSPITAL PADMAKAR NAGAR MAKRONIASAGAR470004,0.00
8,2016-2017,Madhya Pradesh,063160222,ABUNDANT LIFE SOCIETY,M.I.G.-352 9B Saket Nagar BhopalBHOPAL462024,426410.00
9,2016-2017,Madhya Pradesh,063160120,Action For Social Advancement,Flat No. 80 Block No. 5 Green City E-8 Gulmohar ColonyArera Colony Bhopal M.P.-462039,39577217.00
10,2016-2017,Madhya Pradesh,063160182,Active society For Integarted Development And Management,HIG-137 k Sector Ayodhya Nagar BhopalBhopal462023,0.00
11,2016-2017,Madhya Pradesh,063370018,Adharshila Shiksha Samiti,Village AgraaTehsil Vijaypur476332,2860813.39
12,2016-2017,Madhya Pradesh,063300030,Adibasi Sevashram Trust,402Ishan Apt. 13/2 Snehlataganj  IndoreMP-452003,0.00
13,2016-2017,Madhya Pradesh,063610013,ADITYA NIRMAL SOCIETY FOR WORKS IN EARTHLY REFORMS,25SATIMARG GONDA CHOWKI UJJAINUJJAIN456001,0.00
14,2016-2017,Madhya Pradesh,063320013,Adivasi Chetna Shikshan Seva Samiti, JHabuaMP-457661,0.00
15,2016-2017,Madhya Pradesh,063320022,Adivasi Sahayta Samiti,Sunrise Hostel Infront of Government Arts collegeJobat457990,8966053.00
16,2016-2017,Madhya Pradesh,063140024,Adiwasi Sanrachana Seva Sansthan,Barbatpur Post Office and Tehsil - ShahpurBetul460440,0.00
17,2016-2017,Madhya Pradesh,063430005,Ahimsa Welfare Society,6 Maharastrian ColonyRajgarh465661,0.00
18,2016-2017,Madhya Pradesh,063480002,Aishwarya Social Welfare Society,Shanti Bhawan Bilkisganj(PO) SehoreMadhya Pradesh-466111,0.00
19,2016-2017,Madhya Pradesh,063160111,Akshat Health Help and Research Society,C/O Bhopal Charitable Hospital Noor Mahal Road Chowki ImambadaBhopal (Madhya Pradesh)-462001,0.00
20,2016-2017,Madhya Pradesh,063160208,AL RASHEED CHARITABLE MATERNITY RESEARCH AND WELFARE SOCIETY,03 CHAUKI IMAMBADA NOOR MAHEL ROAD BHOPALBHOPAL462001,0.00
21,2016-2017,Madhya Pradesh,063320018,AL-JAMIA SAADAT-UL-ULOOM,Near Railway StationMeghnagar457779,109442838.00
22,2016-2017,Madhya Pradesh,063320016,Alirajpur Shaiksainik Samajik Kendra,Don Bosco Bhawan 58 Maharana Pratap RoadAlirajpur Jhabua Madhya Pradesh-457887,0.00
23,2016-2017,Madhya Pradesh,063160212,ALLIANCE FRANCAISE DE BHOPAL,E-7-639 ARERA COLONYBHOPAL462016,1796841.66
24,2016-2017,Madhya Pradesh,063160031,Amla Social Service Centre,Jinsi jehangirabadBhopal462020,140000.00
25,2016-2017,Madhya Pradesh,063460030,ANAND CHRISTIAN SEVA SANSTHAN,238 CHRISTIAN COLONY MADHUKARSHAH WARD SAGAR MPSAGAR470001,0.00
26,2016-2017,Madhya Pradesh,063300088,Anand Service Society,E-K-133 Scheme No.54 Vijay Nagar IndoreMadhya Pradesh-452008,0.00
27,2016-2017,Madhya Pradesh,063500006,Ankur Pragatisheel Mahila Kendra,"""Gurjar Bhavan""Gayatri Nagar shajapurMadhya Pradesh-465001",0.00
28,2016-2017,Madhya Pradesh,063160117,Annapurna Vikas Samiti,H.No. 1 E.I.C. English SchoolCampus Kothi Bazar Betul460001,2166350.50
29,2016-2017,Madhya Pradesh,063470006,Anupama Education Society,Bharhut Nagar  SatnaMP-485001,1672512.00
30,2016-2017,Madhya Pradesh,063160226,ANWAR UL ULOOM,B SECTOR GOVINDPURA  BHELBHOPAL462023,537159.00
31,2016-2017,Madhya Pradesh,063300114,APRAJITA MAHILA SANGH,121 ADARSH BIJASAN NAGAR PARDESIPURAINDORE452008,0.00
32,2016-2017,Madhya Pradesh,063160009,Archdiocese of Bhopal,33 Ahmedabad Palace Road BhopalMadhya Pradesh.-462001,15946813.50
33,2016-2017,Madhya Pradesh,063300090,Arihand Charitable Trust,283-A Gumasta Nagar Indore IndoreMadhya Pradesh-452009,0.00
34,2016-2017,Madhya Pradesh,063160158,AROGYA JAN KALYAN SANSTHA,79 HARSHWARDHAN COMPLEX MATA MANDIRBHOPAL462003,0.00
35,2016-2017,Madhya Pradesh,063460027,Arpit Chetna Vikas Seva Samity,Mission Compound Bina SagarBina Sagar470113,0.00
36,2016-2017,Madhya Pradesh,063160066,Arushi Society,969A Saket Nagar  Bhopal(M.P.) -462024,1695618.00
37,2016-2017,Madhya Pradesh,063340013,Asha Gram  Trust,P.O. Barwani District- BarwaniM.P.-,0.00
38,2016-2017,Madhya Pradesh,063160012,Asha Niketan Hospital and Rehabilitation Centre,E/6Private Sector  Bhopal         -462016,688275.00
39,2016-2017,Madhya Pradesh,063160002,Asha Niketan Welfare Centre,E-6 Private Sector Arera ColonyBhopal-462016,4973375.00
40,2016-2017,Madhya Pradesh,063280040,Ashram Shanti Niketan Shiksha Samiti,Motilal Mill Road Birla NagarGwalior474004,0.00
41,2016-2017,Madhya Pradesh,063230009,Asra Samajik Lok Kalyan samiti Dewas,21/3 Moti Banglow ColonyDewas455001,2653000.00
42,2016-2017,Madhya Pradesh,063300006,Assn. Franciscan Sis St. Mary Angels,Post Office Road MhowM.P.-543441,6001492.00
43,2016-2017,Madhya Pradesh,063160106,Astha Jan Chetna Society,Douglas School  P.G.B.T. College RoadBhopal (Madhya Pradesh)-462038,2461195.37
44,2016-2017,Madhya Pradesh,063210013,Atma Vikas Sanstha,P.B.No.30 Civil Line Mission ColonyDamoh-470661,6965735.00
45,2016-2017,Madhya Pradesh,063160125,Awanti Rehabilitation Programmes & Action Networking Society,58 Navin Swami Vivekanand Colony Piplani BhopalMadhya Pradesh-462021,1099405.00
46,2016-2017,Madhya Pradesh,063320025,AZAD VIKALANG KALYAN SAMITI,41-C RAILWAY COLONY MEGHNAGARJHABUA457779,0.00
47,2016-2017,Madhya Pradesh,063300130,BADLAAV SAMITI,A-79 MIG COLONYINDORE452008,0.00
48,2016-2017,Madhya Pradesh,063120014,Baiher Nari Uthan Sewa Mahila Mandal,Baihar Balaghat Madhya Pradesh -481111,1434800.00
49,2016-2017,Madhya Pradesh,063280015,Bal Mahila Vikas Samiti,9-C Maharana Pratap Nagar Usha Colony. Near Jiwaji Club Gwalior-474009 M.P.Gwalior474009,0.00
50,2016-2017,Madhya Pradesh,063310089,BARDOLI WELFARE SOCIETY,NEW BUS STNAD SONI MARKET KATNIKATNI483501,0.00
51,2016-2017,Madhya Pradesh,063300094,Barli Development Institute for Rural Women,180 Bhamori New Dewas Women Town/city/Distt.--IndoreMadhya Pradesh-452010,9609617.96
52,2016-2017,Madhya Pradesh,063350015,Bethel Prarthna Samiti,Sahashtra Dhara Road Dewdara Tehsil- MandlaMandla481661,0.00
53,2016-2017,Madhya Pradesh,063180005,Bethesda Hospital Society,Christian Hospital  ChattarpurM.P.-471001,7224073.34
54,2016-2017,Madhya Pradesh,063160214,BETI SHRISTHI MAHILA MANDAL SAMITI,493 CHHOLA MANDIR MAIN ROADBHOPAL462010,0.00
55,2016-2017,Madhya Pradesh,063460008,Bhagyoday Tirath Charitable Trust,Vijay Talkies Road SagarMP-470002,0.00
56,2016-2017,Madhya Pradesh,063190025,Bharat Sevak Samaj Shiksha Samiti,Rangari SausarChhindwara480108,0.00
57,2016-2017,Madhya Pradesh,063300017,Bhartiya Gramin Mahila Sangh,173Silver Oak Colony IndoreM.P.-452009,0.00
58,2016-2017,Madhya Pradesh,063160168,BHARTIYA SHAIKSHIK SANSTHAN M.P,12 GURJAR SHOPPING COMPLEX TULSI NAGAR BHOPAL (MP)-462003BHOPAL462003,0.00
59,2016-2017,Madhya Pradesh,063300020,Bhartiya Vidya Pracharini Sabha,15Chain SIngh Bagh New Palasia IndoreMP-452001,0.00
60,2016-2017,Madhya Pradesh,063160197,BHOJANCHAL YOUTH ASSOCIATION SAMITI,F2 RADHA KRISHNA COMPLEX  ZONE 2 M P NAGAR BHOPALBHOPAL462016,0.00
61,2016-2017,Madhya Pradesh,063480001,Bhopal Regional Seminary Education Society,Ashta SehoreMP-466116,3222848.00
62,2016-2017,Madhya Pradesh,063340016,bioRe Association,Village-Bheelgaon Kasravad KhargoneMadhya Pradesh-,25043309.00
63,2016-2017,Madhya Pradesh,063310011,Board of Governors Christian Higher Secondary School,Napier Town JabalpurMP.-,0.00
64,2016-2017,Madhya Pradesh,063310032,Board of Secondary Education & Teachers Training,2722 Napier Town JabalpurMP.-,0.00
65,2016-2017,Madhya Pradesh,063310090,Brahmrishi Mission Samiti,Vanvasi Chetana Ashram Jilahari Ghat Opp Geeta DhamJabalpur482008,7834417.00
66,2016-2017,Madhya Pradesh,063320021,Bread For Tribal Village,3 Annu Rajendra Nagar Near Railway Gate Sahara Ashram RoadMeghnagar457779,0.00
67,2016-2017,Madhya Pradesh,063230008,Bright Star Muslim Association,42-43 Indra Nagar DewasMadhya Pradesh-455001,0.00
68,2016-2017,Madhya Pradesh,063160051,Brothers of St. Gabriel Society Province of Delhi,C/o St. Francis Higher Sec School Jhansi RoadMadhya Pradesh-462021,0.00
69,2016-2017,Madhya Pradesh,063460004,C.M.I. Seva Sangh of Sagar,Carmel Ashram PB 7 Sagar Cantt SagarMP-470001,10139681.26
70,2016-2017,Madhya Pradesh,063300055,Catholic Ashram,Palda P.B.No.103 IndoreMP-452001,4125385.00
71,2016-2017,Madhya Pradesh,063300056,Catholic Ashram,Khurdi via Manpur IndoreMP-453661,2049138.00
72,2016-2017,Madhya Pradesh,063300001,Catholic Diocese of Indore,Post Box - 168 IndoreMadhya Pradesh.-452001,83166330.00
73,2016-2017,Madhya Pradesh,063440012,Catholic Diocese of Jhabua,Bishop's HouseJeevanJyoti Hospital Meghnagar JhabuaM.P.-457779,46038938.00
74,2016-2017,Madhya Pradesh,063320024,CATHOLIC MISSION SOCIETY FOR TRIBAL EDUCATION,BISHOPS HOUSEMegh Nagar457779,12165392.00
75,2016-2017,Madhya Pradesh,063160078,Centre For Advanced Research & Development,G-2/212 Gulmohar Colony  Bhopal M.P -,58414908.53
76,2016-2017,Madhya Pradesh,063280011,Centre for Integrated Development,101 Shivalik Appartment Laxmibai ColonyPadav Gwalior474002,10302989.40
77,2016-2017,Madhya Pradesh,063160224,CENTRE FOR RESEARCH AND INDUSTRIAL STAFF PERFORMANCE CRISP,OPPOSITE  MANAS BHAWAN SHYAMLA HILLSBHOPAL462002,0.00
78,2016-2017,Madhya Pradesh,063180011,Chhatarpur Mahila Jagrati Manch,Behind Indian Public School Sultaniya ColonyChhatarpur471001,0.00
79,2016-2017,Madhya Pradesh,063160204,Child Rights Observatory Madhya Pradesh,"Child Rights Observatory Madhya Pradesh 
Seven Hills School Premises 
E-6 Arera ColonyBhopal462016Bhopal462016",0.00
80,2016-2017,Madhya Pradesh,063300061,Choithram Foundation of Humanitarian Services,191 Dhar Road Labriya Bheru IndoreMadhya Pradesh-,63864000.00
81,2016-2017,Madhya Pradesh,063300012,Choitram Charitable Trust,Choitram Hospital Campus Manik Bagh RoadIndore-452001,20000000.00
82,2016-2017,Madhya Pradesh,063310005,Christa Panthi Ashram Rural Development Project,Darsani Sihora  JabalpurMP-483225,100000.00
83,2016-2017,Madhya Pradesh,063310016,Christia Panthy Ashram,Darshni Sihora  JabalpurMP-483225,1415041.00
84,2016-2017,Madhya Pradesh,063320001,Christian Hospital, JhabuaMP-457990,0.00
85,2016-2017,Madhya Pradesh,063210014,Christian Medical & Training Centre,Bethlehem Bible College Campus DamohMadhya Pradesh.-470661,57165576.00
86,2016-2017,Madhya Pradesh,063380004,CHRISTIAN MISSIONARY SOCIETY,PATHAK WARD CIVIL  LINESNARSINGHPUR487001,0.00
87,2016-2017,Madhya Pradesh,063310009,Christian Organisation for Social Service,168 Opposite Shivir GardenTilahri Post Bilahri Mandla Road482020,0.00
88,2016-2017,Madhya Pradesh,063560006,Christu Jyoti Society,Aradhana Sadan Chandessary Ujjain BhindMP-456006,6255375.00
89,2016-2017,Madhya Pradesh,063120017,Community Development Centre,Opposite Maharishi Vidhya Mandir Near Lodhi HostelBhagera Balaghat481001,3005772.45
90,2016-2017,Madhya Pradesh,063300108,CONCEPT SOCIETY,101AHILYA NAGAR MAINANNAPURNA ROADINDORE452009,0.00
91,2016-2017,Madhya Pradesh,063470007,Congregation of Sisters of the Adoration of the  Blessed Sacrament,Nirnal Rani Aradhana Bhawan Pateri  Mahadeva P.O. District- Satna Madhya Pradesh-485002,459382.81
92,2016-2017,Madhya Pradesh,063160008,Congregation of the Sisters of St Joseph of Chambery India,ST. Joseph's Convent Idgah Hill Bhopal          -462001,8918414.00
93,2016-2017,Madhya Pradesh,063550005,CREATIVE ORGANISATION OF HUMAN WELFARE,GANJ MUHALLA JATARATIKAMGARH472118,0.00
94,2016-2017,Madhya Pradesh,063160048,Cyriac Elias Rural Organisaton for Women and Children,Deepdi MandideepBhopal-,9500000.00
95,2016-2017,Madhya Pradesh,063290010,Dalit Sangh,House No-13 Lata Marg Sohag pur HoshangabadM.P.-461771,5291600.00
96,2016-2017,Madhya Pradesh,063300125,DALY COLLEGE,1 RESIDENCY AREAINDORE452001,122275.91
97,2016-2017,Madhya Pradesh,063180010,Darshna Mahila Kalyan Samiti,Near Circuit House Gate Jawahar Road ChhatarpurMadhya Pradesh-471001,14965890.09
98,2016-2017,Madhya Pradesh,063500005,Daughters of St. Thomas Society,St. Thomos Convent Kanasiya P.O. Maksi Distt. shajapurMadhya Pradesh-456010,0.00
99,2016-2017,Madhya Pradesh,063280059,Daya Krishna Samaj Kalyan Samiti,Shanti Sadan Azad Nagar Morar GwaliorGwalior474006,0.00
100,2016-2017,Madhya Pradesh,063280038,Dayal Seva Avm Shiksha Samiti,Ganesh(Chawari) BazarBatashewali Gali Lashker474001,0.00
101,2016-2017,Madhya Pradesh,063140005,Dayanand Sewashram Sangh,Vill : Barbatpur  Teh: ShahpurBetul M P-460440,0.00
102,2016-2017,Madhya Pradesh,063160187,Debate Lok Nyas,C-2 by 2 AlkapuriBhopal462021,16012980.00
103,2016-2017,Madhya Pradesh,063300077,Deen Bandhu Samajik Sanstha,54 Usha Nagar Main Annapurna Road Mhownaka Indore Madhya Pradesh-452009,1422506.00
104,2016-2017,Madhya Pradesh,063360009,Democratic English School,811 14-2 Ext  Vikas Nagar NeemuchNeemuch458441,0.00
105,2016-2017,Madhya Pradesh,063310081,DEVELOPMENTAL INNOVATION FOR SOCIAL AND HUMAN ACTION SOCIETY,1057-1 Near Triveni School Hathital ColonyJabalpur482001,0.00
106,2016-2017,Madhya Pradesh,063450017,DEWANCHAL WELFARE SOCIETY,GRAM POST - SHAHPURREWA486331,0.00
107,2016-2017,Madhya Pradesh,063300079,Dharma Bharati Service Society,P.B.No.150 35-Saket Nagar IndoreMadhya Pradesh.-452001,878082.00
108,2016-2017,Madhya Pradesh,063370005,Dharti Gramothan   Avm Shabhagi  Gramin Vikas Samiti,Dimhi MorenaM.P.-476134,6211963.00
109,2016-2017,Madhya Pradesh,063160107,Dhrupad Sansthna Bhopal Trust,'Sundaram' 15 Professors' Colony BhopalMadhya Pradesh-462002,1900609.22
110,2016-2017,Madhya Pradesh,063160138,Digdarshika Institute of Rehabilitation and Research,195 Indus Empire E 8 ExtensionBhopal462039,2377318.00
111,2016-2017,Madhya Pradesh,063280056,DILDEEP EDUCATION SOCIETY,DURGEPURI NAKA CHANDRA VADNI LASHKARGWALIOR474009,900000.00
112,2016-2017,Madhya Pradesh,063300004,Diocese of Bhopal,11 Agra-Bombay Road    Opp. GPOIndore (M.P.)-542002,533868.00
113,2016-2017,Madhya Pradesh,063310021,Diocese of Jabalpur,968 North Civil Lines  JabalpurMP-482001,2830289.75
114,2016-2017,Madhya Pradesh,063160180,DIVYA VANI SANGH,GEHUKHEDA P.O.BAIRAGARH-CHICHLIKOLAR ROADBHOPAL462042,661612.00
115,2016-2017,Madhya Pradesh,063450012,DOMA SURAJ YUVA MANDAL,VILLAGE - DOMA POST-TAMARA (BANSI)REWA486001,0.00
116,2016-2017,Madhya Pradesh,063140007,Don Bosco Integrated Rural Development Project,St. Theresa Church Sadar  Betul (M.P.)  -460002,0.00
117,2016-2017,Madhya Pradesh,063310079,DONBOSCO YUVA SADAN,Mandla RoadBelheri-Jabalpur482020,96126.00
118,2016-2017,Madhya Pradesh,063280044,Ebenzer Medical and Scientific Research Foundation,15 Basant Nagar C.P. Colony MorarGwalior474006,3367240.00
119,2016-2017,Madhya Pradesh,063340019,Education Park Society,Education Park Kodla Khargone Road BhikangaonBhikangaon451331,231027.00
120,2016-2017,Madhya Pradesh,063470015,EHASAS SEVA SANSTHAN,WARD NO.8 ASHOK VIHAR COLONY SIDDHARTH NAGARSATNA485001,0.00
121,2016-2017,Madhya Pradesh,063280062,EHSAAS,108 PAN IN PLAZA SHINDE KI CHHAWNIGWALIOR474009,0.00
122,2016-2017,Madhya Pradesh,063160162,Ekikrat Samajik Suraksha Chetna Sansthan,158 Sector - 1 Shakti NagarBhopal462024,1656406.55
123,2016-2017,Madhya Pradesh,063160113,Eklavya Foundation,E-10 Shankar Nagar BDA ColonyNear 6 1/2 No. Bus Stop shivaji Nagar462016,3491269.80
124,2016-2017,Madhya Pradesh,063160150,Ekta Foundation Trust,Gandhi Bhawan Shyamla Hills BhopalMadhya Pradesh-462002,5134544.97
125,2016-2017,Madhya Pradesh,063160097,Energy Environment and Development Society,S.H.-19 Saraswati Nagar  Jawahar Chowk R-12 GTB ComplexNew Market Bhopal (M.P.)-462003,39305.00
126,2016-2017,Madhya Pradesh,063190002,Evangelical Lutheran Church in M.P.,P.B. No. 30 Luther Bhawan ChhindwaraMadhya Pradesh-480001,0.00
127,2016-2017,Madhya Pradesh,063190008,Evangelical Lutheran Church in M.P.,Danielson Degree College PO Box No. 3Chhindwara M.P.-,0.00
128,2016-2017,Madhya Pradesh,063210006,Eye Hospital with Mobile Services (MICM),Christian Mission Compound Damoh (M.P. -470661,0.00
129,2016-2017,Madhya Pradesh,063280042,Forun for environment and economic development,GL 1031 DD nagarGwalioer474020,0.00
130,2016-2017,Madhya Pradesh,063160019,Francisean Clarist Society,Assisi Bhavan Shanti Nagar Bhopal            -462030,14466544.00
131,2016-2017,Madhya Pradesh,063490007,Free Church School,Chhapara SeoniMP-840884,935201.90
132,2016-2017,Madhya Pradesh,063290006,Friends School,Home 214 SohagpurHosangabad-461771,2219914.47
133,2016-2017,Madhya Pradesh,063280048,Gajanand Shiksha Evam Samaj Kalyan Samiti,281 Kamanipul Laxmiganj LashkarGWALIOR474001,0.00
134,2016-2017,Madhya Pradesh,063300132,GITA BHAWAN TRUST,GITA BHAWAN MARG MANORAMAGANJINDORE452001,133152.00
135,2016-2017,Madhya Pradesh,063160108,Good News Service Society,Good News Bhavan Near Shri Ram Colony Hoshangabad RoadMisrod Bhopal462026,9811205.31
136,2016-2017,Madhya Pradesh,063560002,Good Samaritan Sewa Kendra,28 University RoadM N Nagar,2503905.00
137,2016-2017,Madhya Pradesh,063280010,Gopal Kiran Siksha Avam Sanskritik Samiti,Nimraje Sadan New Mohan NagarGwalior-474011,0.00
138,2016-2017,Madhya Pradesh,063140017,Gram Bharati Mahila Mandal,M.Q.No. 334 Shobhapur colony Pathakhere(W.C.L.)Betul Madhya Pradesh-460449,0.00
139,2016-2017,Madhya Pradesh,063190003,Gram Kalyan Sewa Samiti,At Sonpur PO Dhanegaron TA SausarChhindwara M.P.-480108,0.00
140,2016-2017,Madhya Pradesh,063450019,GRAM SEVA DAL SAMITI EVAM SHODH SANSTHAN,GAYATRI NAGAR WARD NO 10REWA486003,0.00
141,2016-2017,Madhya Pradesh,063290001,Gram Seva Samiti,PO Raisalpur Hosangabad -461001,0.00
142,2016-2017,Madhya Pradesh,063520002,Gram Sudhar Samity,Block Colony  SidhiMP-486661,2043179.00
143,2016-2017,Madhya Pradesh,063210007,Grameen Nava Jagriti Yojana of the Mid India Christian Services,Civil Ward No.3 Damoh -470661,0.00
144,2016-2017,Madhya Pradesh,063550007,GRAMEEN SWAVLAMBAN SAMITI,Village Mamon Post NargudaTikamgarh472001,0.00
145,2016-2017,Madhya Pradesh,063120010,Gramin  Kalyan Sansthan,Bijode Balaghat   M.P -,0.00
146,2016-2017,Madhya Pradesh,063190014,Gramin Adiwasi Samaj Vikas Sansthan,At Vivekanand Colony Belgaon Post Jamsawli Tah. SausarSausar480106,2091330.00
147,2016-2017,Madhya Pradesh,063120007,Gramin Vikas Mandal,P O Bhaikemara Teh. BaiharDistt.. Balaghat M P-,0.00
148,2016-2017,Madhya Pradesh,063190015,Gramin Vikas Mandal,bagga tyre ke pass Shribastav colony ChhindwaraMadhya Pradesh-480002,0.00
149,2016-2017,Madhya Pradesh,063210018,Gramin Vikas Samiti,No 40 Narottam Nagar ChowprakhurdDamoh470661,0.00
150,2016-2017,Madhya Pradesh,063140012,Gramin Vikas Sanstha,222 Pinjara Mohalaa Chicholi BetulMadhya Pradesh-460330,0.00
151,2016-2017,Madhya Pradesh,063160132,Gramin Yuva Abhikram,Gandhi Bhavan Shyamla Hills Distt.= BhopalMadhya Pradesh-462002,0.00
152,2016-2017,Madhya Pradesh,063120009,Gramodya Kendra,Sale Tekari Road (Font of Block Office)Lanji Balaghat Madhya Pradesh-481222,1578085.00
153,2016-2017,Madhya Pradesh,063190011,Gramodyog Mandal,Chhotta Talab ChhindwaraM.P.-480001,0.00
154,2016-2017,Madhya Pradesh,063350004,Gramodyog Sansthan,Maharajpur MandlaM.P.-,0.00
155,2016-2017,Madhya Pradesh,063280030,Gwalior Catholic Seva Samaj,Social Welfare Centre Opp. Sandhu Market Bhind Road MaharajpurGwalior Madhya Pradesh-474020,9045427.07
156,2016-2017,Madhya Pradesh,063280057,Gwalior Hospital and Education Charitable Trust,Jhansi Roadgwalior474009,3463257.00
157,2016-2017,Madhya Pradesh,063510005,Happydays Shiksha Samiti,PO- Kathamill Town/City:Shivpuri Distt: ShivpuriMadhya Pradesh-473551,1436858.24
158,2016-2017,Madhya Pradesh,063310015,Hawabagh Womens College,Narmada Road JabalpurM.P.-,0.00
159,2016-2017,Madhya Pradesh,063310006,Hawabagh Womens College Hostel,Narmada Road JabalpurMP-482001,0.00
160,2016-2017,Madhya Pradesh,063160206,HEEAL,HIG-III 590 ARVIND VIHAR BAGH MUGALIYABhopal462043,0.00
161,2016-2017,Madhya Pradesh,063600004,Holistic Action Research and Development (HARD),271 Nigwani Road KotmaDistt: Anuppur Madhya Pradesh-484334,1837125.00
162,2016-2017,Madhya Pradesh,063300068,Holy Cross Convent School,Khandwa Naka Kasturba Gram  Vijay Nagar IndoreMP-452001,455547.00
163,2016-2017,Madhya Pradesh,063160032,Holy Family Society,Pavanalaya Shantinagar   Kurana Bhopal            -462030,0.00
164,2016-2017,Madhya Pradesh,063290015,Hope Centre For Women and Children,LIG 164 Nyas Colony ItarsiItarsi461111,0.00
165,2016-2017,Madhya Pradesh,327490004,HOSPITALLER BROTHERS OF ST  JOHN OF GOD SOCIETY,"ST JOHNS HEALTH CENTRE DESHGAON KHANDWA DIST 
EAST NIMAR MADHYA PRADESH PIN 450771KHANDWA450771",1115035.00
166,2016-2017,Madhya Pradesh,063160225,HUM EK HAIN SANSTHA,H NO 327 HOUSING BOARD COLONY AISHBAGHBHOPAL462010,0.00
167,2016-2017,Madhya Pradesh,063480006,HUSSAINIA MADNI SOCIAL EDUCATION WELFARE SOCIETY,MADARSA DARUL ULOOM HUSSAINIA JAMIA NAGAR TUMDA ROADAMRODE462101,664450.00
168,2016-2017,Madhya Pradesh,063160155,IDEAL- Global Social & Welfare Organisation,E-2/213 Arera Colony BhopalMadhya Pradesh-462016,0.00
169,2016-2017,Madhya Pradesh,063160017,India Full Gospel Mission,23Ashoka Garden Govindpura Bhopal          -462023,0.00
170,2016-2017,Madhya Pradesh,063160040,Indian Institute Of Forest Management,PB.357 Nehru Nagar BhopalMadhya Pradesh-,2071806.00
171,2016-2017,Madhya Pradesh,063300047,Indian Institute of Social Development,Annapurna Road 73 Mishra Nagar IndoreMP-,0.00
172,2016-2017,Madhya Pradesh,063160191,INDO EUROPEAN CHAMBER OF COMMERCE AND INDUSTRY,H 22 STERLING GREEN VIEW  PHASE II CHUNABHATTI BHOPALBHOPAL462016,0.00
173,2016-2017,Madhya Pradesh,063300062,Indore Cancer Foundation Charitable Trust,28/2 Race Course Road IndoreMP-452001,3434428.00
174,2016-2017,Madhya Pradesh,063300070,Indore Diocese Social Service Society,P.B.-168 10 Old Sehore Road IndoreMP-,15160575.00
175,2016-2017,Madhya Pradesh,063300036,Indore Eye Hospital Society,M.O.G. Lines Dhar Road IndoreMP-452002,299220.00
176,2016-2017,Madhya Pradesh,063300129,INNOVATOR,194 BRIJ VIHAR COLONY RAUINDORE453331,0.00
177,2016-2017,Madhya Pradesh,063160007,Institute of Regional Analysis,E-7/60Ashoka Housing Society Shahpura Area ColonyBhopal (M.P.)-462016,0.00
178,2016-2017,Madhya Pradesh,063160144,Institute of Social Research & Development(ISARD),Plot No. 228 Zone-II M.P. Nagar BhopalMadhya Pradesh-462011,3084200.00
179,2016-2017,Madhya Pradesh,063190010,Instt. for Development of Youth Women & Child Development,Amarwara ChhindwaraM.P.-480221,0.00
180,2016-2017,Madhya Pradesh,063160128,Integrated Development Organisation,11/A Swagat Bungalows Nayapura Kolar RoadBhopal M.P.-462042,0.00
181,2016-2017,Madhya Pradesh,063350001,Jabalpur Diocesan Social Service Society,1 Ahilyabai Marg JabalpurMP-482001,14122219.50
182,2016-2017,Madhya Pradesh,063310038,Jabalpur YMCA,2 Queens Road JabalpurM.P.-,0.00
183,2016-2017,Madhya Pradesh,063590001,Jagrat Yuwa Manch Sanstha,Beside of Power House  Village ShahnagarPanna (M.P.)-488448,838553.91
184,2016-2017,Madhya Pradesh,063140018,Jagrati Gramothan Samitee,E.L.C. Hostel Near Bus Stand Kothi Bazar PO- BetuDistt: Betul Madhya Pradesh-460001,0.00
185,2016-2017,Madhya Pradesh,063370016,JAGRATI SAMAJSEVA SAMITI,RAM NAGAR MORENAMORENA476001,0.00
186,2016-2017,Madhya Pradesh,063310061,Jai Bharati Shiksha Kandra,1326 Majhagawan Tehsil & Block- SihoraJabal Pur-483334,1320834.00
187,2016-2017,Madhya Pradesh,063140020,Jai Narayan Sarvodaya Vidyalaya Samiti,Village-Karajgaon PO-Rondha District- BeturMadhya Pradesh-460001,0.00
188,2016-2017,Madhya Pradesh,063300098,Jame-a-Riyazul Uloom,Nipania Road Khajrana IndoreMadhya Pradesh-452016,0.00
189,2016-2017,Madhya Pradesh,063300087,Jamia Islamia Banjari,Po Bhatkhedi Tehsil Mhow Indore DistrictMadhya Pradesh-453441,0.00
190,2016-2017,Madhya Pradesh,063300101,Jan Vikas Society,Ashram Campus Palsa Post Box 103 IndoreMadhya Pradesh-452001,945563.52
191,2016-2017,Madhya Pradesh,063230010,JANSAHAS SOCIAL DEVELOPMENT SOCIETY,14.MILL ROADPOST-BALGHADDEWAS455001,45464981.61
192,2016-2017,Madhya Pradesh,063300134,JANSAHAS SOCIAL EMPOWERMENT SOCIETY,408-G-1 AHINSHA HIGHMANVTA NAGARINDOREIndore452016,5585552.00
193,2016-2017,Madhya Pradesh,063160059,Jeev Seva Sansthan,A-18/178 Near T.R. Community Hall Sant  Hirdaram Nagar BhopalMadhya Pradesh-,53307771.18
194,2016-2017,Madhya Pradesh,063160121,Jeev-Jantu Kalyan Sangathan,Vansundhara Bhawan E4 Patel Nagar Raisen Road BhopalMadhya Pradesh-462021,0.00
195,2016-2017,Madhya Pradesh,063510004,Jeevan Jyoti Charitable Society,Jeevan Jyoti Ashram  Shivpuri Madhya Pradesh-,0.00
196,2016-2017,Madhya Pradesh,063290014,Jeevodaya Society,Nehruganj Itarsi HoshangabadMadhya Pradesh-461111,12187578.90
197,2016-2017,Madhya Pradesh,063320012,Jiwan Jyoti Health Service,PB 2 Meghnagar JhabuaMP-457779,3869939.00
198,2016-2017,Madhya Pradesh,063310002,Johnson Girls School & Hostel,Narmada Rd JabalpurMP-482001,0.00
199,2016-2017,Madhya Pradesh,063340017,Jyotirmay Sewa Samiti,86 M.G. RoadBarwaha451115,1326856.00
200,2016-2017,Madhya Pradesh,063280052,Kadam Jan Vikas Sanstha Gwalior,Reti Fatak  LohamandiGwalior474003,398836.00
201,2016-2017,Madhya Pradesh,063440015,KAILASH FOUNDATION FOR DEVELOPMENT,5 GAUSHALA ROAD ALOT DIST RATLAM PIN CODE 457114 MADHYA PRADESHALOT457114,0.00
202,2016-2017,Madhya Pradesh,063160114,Kalchuri Siksha Evam Samaj Kalyan Samiti,327/1 Jain Nagar Lalghati BhopalMadhya Pradesh-462032,0.00
203,2016-2017,Madhya Pradesh,063270006,Kalpatru Vikas Samiti,Vill/Post Bhadora A B Road Guna MP-,0.00
204,2016-2017,Madhya Pradesh,063340004,Karuna Hospital,Sendhwa KhargaonMP-451666,0.00
205,2016-2017,Madhya Pradesh,063300007,Kasturba Gandhi National Memorial Trust,Kasturba Gram IndoreM.P.-452020,7069682.00
206,2016-2017,Madhya Pradesh,063240003,Kathrina Kasper Social Service Society,Catholic Hospital P.O.Dhani MhowDhar M.P.-,32772272.00
207,2016-2017,Madhya Pradesh,327490001,Khandwa Diocesan Social Service,Bishops' House KhandwaChhattisgarh-450001,1341673.00
208,2016-2017,Madhya Pradesh,327490002,Khandwa Doicesan Education Society,BISHOPS HOUSEKHANDWA450001,2239097.00
209,2016-2017,Madhya Pradesh,063160124,Khrist Premalaya Regional Philosophate,khrist Premalaya E/6 Private Sector Arera Colony Asha Niketancampus Bhopal M.P.-462016,0.00
210,2016-2017,Madhya Pradesh,063230001,Khrist Seva Kendra,Kshipra P.B.NO.22Dewas M.P.-,0.00
211,2016-2017,Madhya Pradesh,063340001,Kloster St Trudpert Society,Convent Deepalay Sanawad District- KhargaonMadhya Pradesh-451111,15579294.00
212,2016-2017,Madhya Pradesh,063300086,Kothari Educational Foundation,7 Shiv Vilas Palace Rajwada Chowk IndoreMadhya Pradesh-452004,0.00
213,2016-2017,Madhya Pradesh,063440014,Krashak Anusuchit Jati Avam Janjati Shaikshanik Avam Samajik Kalyan Samiti,526 Hanuman Mandir Ke Pas Gram Hariyakheda Tehsil PiplodaRatlam457226,0.00
214,2016-2017,Madhya Pradesh,063610001,Kripa Social Welfare Society,Catholic Church Compound  Dewas Road Distt. UjjainMadhya Pradesh-456010,3827921.00
215,2016-2017,Madhya Pradesh,063420004,Krishak Sahyog Sansthan,Village-Gorkhee PO-Sunwaha Begumganj Dist- RaisenMadhya Pradesh-464881,0.00
216,2016-2017,Madhya Pradesh,063160130,Kshitij-Society for participatory Development & Research,MIG 11 Sector 3A Saket Nagar BhopalMadhya Pradesh-462024,0.00
217,2016-2017,Madhya Pradesh,063440016,KUNDAN WELFARE ORGANIZATION,99 KUNDAN NAGAR BHARTIYA FARMHOUSE PRATAP NAGAR EXT. PIPLODA ROAD CHOUPATI JAORAJAORA457226,0.00
218,2016-2017,Madhya Pradesh,063490005,Lakhnadon Christian Hospital,Lakhnadon PO SeoniMP-480886,0.00
219,2016-2017,Madhya Pradesh,063160159,Laxmi Devi Vikyomal Shroff Educational Society,GandhinagarBhopal462036,0.00
220,2016-2017,Madhya Pradesh,063310008,Leonard Theological College,South Civil Lines P.B. No. 36 JabalpurMadhya Pradesh-482001,290252.65
221,2016-2017,Madhya Pradesh,063460026,Life Line Service Society,Yadav Colony In front of IG BunglowSagar470001,0.00
222,2016-2017,Madhya Pradesh,063300122,LILADEVI MADANLAL CHARITABLE TRUST,203 BCM HEALTH ISLANDS    PU4     SCALHEME NO 54 BEHIND BOMBAY HOSPITALINDORE452010,0.00
223,2016-2017,Madhya Pradesh,063310085,Little Sisters of the Poor,Katangi Road St Aloysius School Campus RimjhaJabalpur482002,0.00
224,2016-2017,Madhya Pradesh,063300073,Lok Biradari Trust,402 Ishan Apartment 13/2 Shehlata Ganj IndoreMP-,0.00
225,2016-2017,Madhya Pradesh,063300076,Lok Vikas Evum Anusandhan Trust,201 Sushila Complex 130 Devi Ahilya Marg IndoreMadhya Pradesh-,0.00
226,2016-2017,Madhya Pradesh,063610005,M P ANUSUCHIT JATI JANJATI EVUM PICHHDA VARG KALYAN SANGH,166-E MuninagarUjjain456010,0.00
227,2016-2017,Madhya Pradesh,063300011,M P Welfare Association for the Blind,33 B/D Laxmi Nagar Ind. Stat Indore  -452006,0.00
228,2016-2017,Madhya Pradesh,063160091,M.P. Council for Child Welfare,Hostel No.5 Piplani Bhel Distt. BhopalMadhya Pradesh-462021,0.00
229,2016-2017,Madhya Pradesh,063560008,M.P. Institute of Social Science & Research,20 Mahashweta Nagar Ujjain BhindMP-,0.00
230,2016-2017,Madhya Pradesh,063300003,M.P. Voluntary Health Association,Near Bilawali LakeP.O. Kasturbagram452020,3534102.00
231,2016-2017,Madhya Pradesh,063180016,Maa Bagrajan Shiksha Prasarini Samiti,Gantai Mandir Road Purani Basti RajnagarKhajuraho471606,1668529.00
232,2016-2017,Madhya Pradesh,063160082,Madhya Pradesh Cancer Chikitsa Seva Samiti,Post Box No-32 Idgah Mills  Bhopal M. P.  -,0.00
233,2016-2017,Madhya Pradesh,063160118,Madhya Pradesh Samaj Seva Sanstha,Seva Sadan 1250 Quarters Tulsi Nagar BhopalMadhya Pradesh-462003,2585697.50
234,2016-2017,Madhya Pradesh,063160062,Madhya Pradesh Tiger Foundation Society,C/o Chief Wildlife Warden Van Bhawan T.T Nagar Bhopal M P-,0.00
235,2016-2017,Madhya Pradesh,063610002,Madhya Pradesh Viklang Sahayatha Samiti,Chandessara (PO) Chandessara UjjainMadhya Pradesh-456664,437544.64
236,2016-2017,Madhya Pradesh,063160164,MADHYA PRADESH VIPASSANA SAMITI,E-1/82 ARERA COLONYBHOPAL462016,1055632.00
237,2016-2017,Madhya Pradesh,063300106,MADHYANCHAL FORUM,6/2 Race Course Road Roshan Singh Bhandari Marg  Shubham ApartmentGround Floor. 01Indore452003,0.00
238,2016-2017,Madhya Pradesh,063310065,Mahamaya Siksha & Samaj Kalyan Samiti,1799 Choubey Building Ranji Basti JabalpurMadhya Pradesh-482005,0.00
239,2016-2017,Madhya Pradesh,063160146,Mahashakti Seva  Kendra,E2/114 Arera Colony  BhopalMadhya Pradesh-,0.00
240,2016-2017,Madhya Pradesh,063120001,Mahatma Gandhi Adivasi Vikash Mandal,PO: Baihar MohabhattaBalaghat-481111.-,978825.00
241,2016-2017,Madhya Pradesh,063370001,Mahatma Gandhi Seva Ashram,JouraMorena476221,35815443.32
242,2016-2017,Madhya Pradesh,063160061,Mahila Bal Vikas Samiti,53 Vikrampura   B.T.I. RoadBhind             -477001,0.00
243,2016-2017,Madhya Pradesh,063160043,Mahila Chetna Manch,Kalyani Working Women's Hostel Shivaji NagarBhopal-462016,0.00
244,2016-2017,Madhya Pradesh,063180006,Mahila Samiti,50 New Colony ChhatarpurM. P.-,1054730.00
245,2016-2017,Madhya Pradesh,063240010,MAHILA SANCHETNA DEVELOPMENT ACTION WOMEN SOCIETY,VILLAGE  TARAPURDHARAMPURI454449,0.00
246,2016-2017,Madhya Pradesh,063160064,Mahila Shram Seva Nyas,96-B Vaishali Nagar Annapurna RoadIndore         -452009,7889535.00
247,2016-2017,Madhya Pradesh,063300057,Mahila Utkarsha Sansthan,3/4 Vrindawan Colony Banganga IndoreMP-452006,35661.43
248,2016-2017,Madhya Pradesh,063490012,MAHILA VIKAS PARISAD,KAVIR WARD MANDLA ROAD DUNDASEONI480661,0.00
249,2016-2017,Madhya Pradesh,063300119,MAHIMA EDUCATION AND WELFARE SOCIETY,406 CORPORATE HOUSE 169 RNT MARGINDORE452001,0.00
250,2016-2017,Madhya Pradesh,063310064,MANAV JEEVAN VIKAS SAMITI,village- Bijaori Po- Majhagawan (Barhi Road) Distt: KatniM.P.-483501,6059583.00
251,2016-2017,Madhya Pradesh,063460018,Manav Vikas Seva Sangh,Near to Old St. Marys School Ginda Bararu SagarM.P.-470001,4981155.92
252,2016-2017,Madhya Pradesh,063160133,Manthan Gramin Evam Samaj Sewa Samiti,31 Sector-1 Shakti  Nagar BHEL BhopalMadhya Pradesh-426024,0.00
253,2016-2017,Madhya Pradesh,063160030,Marina Society,C-Block Ashaniketan Complex Private Sector- E/6Bhopal         -462016,0.00
254,2016-2017,Madhya Pradesh,063310057,Marthama Gram Jyoti Education & Development Society,MarThoma Passionage South Civil Lines JabalpurMadhya Pradesh-482001,1578769.75
255,2016-2017,Madhya Pradesh,063320007,Masihi Chatrawas,Atemkhut  JhabuaMP-,0.00
256,2016-2017,Madhya Pradesh,063320008,Masihi Madhyamik Vidyalaya,Christian Compound Jobat JhabuaMP-497990,0.00
257,2016-2017,Madhya Pradesh,063320009,Masihi Madhyamik Vidyalaya,Christian Compound Amkhut JhabuaMP-457887,0.00
258,2016-2017,Madhya Pradesh,063160229,MAULANA BARKATULLAH BHOPALI EDUCATIONAL AND SOCIAL SERVICE SOCIETY,BARKATULLAH PUBLIC SCHOOL NEAR INTERNATIONAL AIRPORT GANDHI NAGAR MAIN ROADBHOPAL462001,0.00
259,2016-2017,Madhya Pradesh,063120003,Methodist Mission Girls Hostel,PO: Baihar  Balaghat -481111.-,0.00
260,2016-2017,Madhya Pradesh,063320006,MG Abey Childrens Home,Amkhus  JhabuaMP-,0.00
261,2016-2017,Madhya Pradesh,063210001,Mid India  Christian Services,Civil Ward No.3 Mission CompoundDamoh M.P.-470661,42611588.00
262,2016-2017,Madhya Pradesh,063210005,Mid India Christian Service Audio Visual Unit,Mission Compound Civil Ward No.3Damoh M.P.-470661,12156676.00
263,2016-2017,Madhya Pradesh,063210004,Mid India Christian Service Bible Institute,Bethelem Jabalpur Road DamohMadhya Pradesh-470661,28163471.00
264,2016-2017,Madhya Pradesh,063210003,Mid India Christian Service Church Growth & Development Unit,M.I.C.S. Compound Civil Ward No. 3 DamohMadhya Pradesh-470661,36839293.00
265,2016-2017,Madhya Pradesh,063210002,Mid India Christian Service Urban Church and Growth Dev. Unit,Civil Ward No. 3 DamohM.P.-470661,8260178.00
266,2016-2017,Madhya Pradesh,063270008,Millennium Samaj Kalyan Evam Shiksha Prasar Samiti,21/124 Mathur Colony GunaMadhya  Pradesh-473001,0.00
267,2016-2017,Madhya Pradesh,063160029,Miriam Society,E-6 Arera Colony  Bhopal                 -462016,171685.00
268,2016-2017,Madhya Pradesh,063280050,MOLECULAR WELFARE SOCIETY,K- 48 GANDHI NAGARGWALIOR474002,0.00
269,2016-2017,Madhya Pradesh,063370014,MORENA JILLA KHADI AVAM GRAMODYOG SANGH,SHYAM VIHAR COLONY MORENAMORENA476001,0.00
270,2016-2017,Madhya Pradesh,063160067,Mount Carmel Society,Carmel Convent BHEL  Bhopal MP-,3982302.00
271,2016-2017,Madhya Pradesh,063310034,MP Regional Conference,1007 Napier Town  JabalpurMP-482001,2686333.55
272,2016-2017,Madhya Pradesh,063160102,Muskaan,14 Nadir Colony Shamla Hills BhopalMadhya Pradesh-462013,10594721.00
273,2016-2017,Madhya Pradesh,063160024,Muslim Welfare Society,Rafiqiqia School Road Bhopal         M P-462001,571606.00
274,2016-2017,Madhya Pradesh,063160198,MY WORLD DEVELOPMENT SOCIETY,13 TIJARA LANE CHURCH ROAD JAHANGIRABADBHOPAL462008,24264.00
275,2016-2017,Madhya Pradesh,063300044,Nagrath Charitable Trust,Puspkunj Hospital Kasturbagram  IndoreMP-474302,0.00
276,2016-2017,Madhya Pradesh,063140016,Naman Seva Samiti,Vikas Nagar Athner BetulMadhya Pradesh-460110,29647942.00
277,2016-2017,Madhya Pradesh,063160219,NARMADA SAMAGRA NYAS MADHYA PRADESH,SR.MIG-2ANKUR COLONYSHIVAJI NAGARBHOPAL462016,0.00
278,2016-2017,Madhya Pradesh,063510010,Narmada Samaj Kalyan Samiti,vivekanand puram near TV towershivpuri473551,0.00
279,2016-2017,Madhya Pradesh,063160035,National Centre for Human Settlements and Environment,E-5/A Girish Kunj Bhopal. -420016,9853000.00
280,2016-2017,Madhya Pradesh,063160174,Natural Resource Management and Common Wealth,453-2nd Floor Dynamic Centre Zone -1 M P NagarBhopal462011,0.00
281,2016-2017,Madhya Pradesh,063480004,NAV ANKUR MANAV KALYAN SANSTHA,PUSHPA KALYAN KENDRA HOSPITAL UDYAN COLONY KANNOD ROADASTHA466166,734799.00
282,2016-2017,Madhya Pradesh,063210009,Nav Jagriti Education Society,Civil Ward No. 3 Mission CompoundDamoh-,0.00
283,2016-2017,Madhya Pradesh,063310040,Nav Rachna Samaj Sevi Sansthan,Vil Moala PO Dhangawan  JablapurMP-,133930.00
284,2016-2017,Madhya Pradesh,063350006,Naveen Bharti Sewa Samiti,Rajeev Colony (Near Montfort School Town/City/Distt: MandlaM.P.-481661,0.00
285,2016-2017,Madhya Pradesh,063120018,Navjiwan Samaj Vikas Samity,Mission Compound Gudma Camp Post- Ukwa Town/City: BaiharDistt: Balaghat M.P.-481105,0.00
286,2016-2017,Madhya Pradesh,063160041,Navuvak Parishad,A-13/127 New  Near T.R.C.Hall ShantirdharamnagarBhopal-462030,0.00
287,2016-2017,Madhya Pradesh,063430004,Neenv Social Welfare Association (NSWA),Gulkheri SaansiNarsinghgarh465683,1.00
288,2016-2017,Madhya Pradesh,063160192,NEW APOSTOLIC SANSTHA,A 23 CRYSTAL CAMPUS PIPLANI BHOPALBHOPAL462021,0.00
289,2016-2017,Madhya Pradesh,063310088,New Creation Charitable Society,Raksha Nagar H.NO.136J.D.A. Colony Bada Patthar Ranjhi482005,0.00
290,2016-2017,Madhya Pradesh,063160109,Nicol Society,118/A Kamala Nagar Kotra Sultanabad BhopalMadhya Pradesh-462003,2056969.00
291,2016-2017,Madhya Pradesh,063160211,NIDA US SAFA EDUCATION AND WELFARE SOCIETY,H.No 34 Purana Galla Bazar shahjahanabadBHOPAL462001,0.00
292,2016-2017,Madhya Pradesh,063340020,Nimar Abhyudaya Rural Management And Development Association,Chauhan Sadan  Opp.IDEA Tower Srinagar ColonyMandleshwar451221,13386.00
293,2016-2017,Madhya Pradesh,063610006,NIRMAL JYOTI EDUCATIONAL AND CHARITABLE SOCIETY,76 Santhome BhavanUjjain456010,7002604.55
294,2016-2017,Madhya Pradesh,063460013,Nirmal Jyoti Society,Nirmal Jyoti Provincial House Bina POSagar (Madhya Pradesh)-470113,0.00
295,2016-2017,Madhya Pradesh,063160167,NIRMAL MATA SOCIETY,NIRMAL MATA PROVINCIALATE J.N.C.T. ROADLAMBAKHEDA BERSIA ROAD462009,1026727.00
296,2016-2017,Madhya Pradesh,063510009,NISHWARTH SARTHAK PRAYAS AVAM PARIVAR KALYAN SAMITI,C/O SHRI L.N. DHAKAD (ADVOCATE) BEHIND ARYA SAMAZ MANDIR NEAR ANAZ MANDI SHIVPURISHIVPURI473551,0.00
297,2016-2017,Madhya Pradesh,063160112,Nitya Seva Society,Usha Chambers 60 Zone 2 Maharana Pratap NagarBhopal (Madhya Pradesh)-462011,7620945.00
298,2016-2017,Madhya Pradesh,063450007,Nivedita Kalayan Samiti,13/164 Manas Nagar (Bara) RewaMadhya Pradesh-486001,0.00
299,2016-2017,Madhya Pradesh,063160075,Northern Province Of Carmelite Sisters Of St. Teresa,St. Teresa's Provinciliate  Misrod PO  Bhopal MP-462026,12943.68
300,2016-2017,Madhya Pradesh,063300109,OM MAA SHRI SHRI MAA ANANDMAI PEETH TRUST,18 AGRA MUMBAI ROAD (Near MGM Medical College)INDORE452001,15566.00
301,2016-2017,Madhya Pradesh,063520003,Om Shiksha Samiti,Near Post Office Rewa Road Rampur NaikinSidhi486775,0.00
302,2016-2017,Madhya Pradesh,063140002,Padhar Hospital (A Unit of Evangelical Lutheran Church in M.P.),Post-Padhar               Betul (M.P.) -460005,10371114.25
303,2016-2017,Madhya Pradesh,063300123,PAHAL JAN SAHAYOG VIKAS SANSTHAN,65 JANKI NAGAR MAININDORE452001,2343382.92
304,2016-2017,Madhya Pradesh,063190017,Pararth Samiti,Panchwati Badban Colony ChhindwaraMadhya Pradesh-480001,2280900.00
305,2016-2017,Madhya Pradesh,063280014,PARHIT SAMAJ SEVA SANSTHA,110 BARAH BEEGHA COLONY KOTESHWAR ROADGWALIOR474012,8089836.00
306,2016-2017,Madhya Pradesh,063350009,Parmeshwari Sewa Sadan,Santhi Kunj computer Centre Near Police Station MaharajpurMandla481665,0.00
307,2016-2017,Madhya Pradesh,063280054,Parvarish Bal Mahila Vikas Evam Samaj Sewa Sanstha,2-5 Shabda Pratap Ashram New colonyGwalior474006,1787300.00
308,2016-2017,Madhya Pradesh,063310077,PARYAVARAN SANRAKSHAN EVAM ADIVASI KENDRA,413/1 mittal apartment South civil-line jabalpurjabalpur482001,0.00
309,2016-2017,Madhya Pradesh,063160139,Pastoral Care of NOmads in India,Archbishop's House 33 Ahmedabad Palace RoadBhopal Madhya Pradesh-462001,0.00
310,2016-2017,Madhya Pradesh,327490006,Pavitra Atma Sevika Sangh(Cancelled against RCN No. 063330002),"Pavitra Atma Sevika Sangh
Holy Spirit Convent
407/2 Piplia Rao
Khandwa Road Indore- 452001
Madhya PradeshIndore452001",14297431.00
311,2016-2017,Madhya Pradesh,063290004,Pentecoastal Church of God,PB No. 63 Deshbandhupura ItarsiHosangabad (M.P.)-461111,43336.00
312,2016-2017,Madhya Pradesh,063310010,Pilikothi Mission Primary School,Napier Town JabalpurM.P.-,0.00
313,2016-2017,Madhya Pradesh,063160165,Pioneer Shiksha Evam Samaj Kalyan Samiti,127/486 Shyam Nagar Near Habibganj Police StationBhopal462001,1029940.00
314,2016-2017,Madhya Pradesh,063300091,Prabhu Prakash Samajik Vikas Sanstha,St. Theresa's Church Pushp Nagar Tilak Nagar PO IndoreMadhya Pradesh-452018,3398617.00
315,2016-2017,Madhya Pradesh,063140011,Pradeepan,A & PO Borgaon (Zeen) BetulMadhya Pradesh-,0.00
316,2016-2017,Madhya Pradesh,063320019,PRAGATI,JEEVANJYOTHI HOSPITAL COMPOUND MEGHNAGAR TEHSIL MEGHNAGARJHABUA457779,2373179.00
317,2016-2017,Madhya Pradesh,063140015,Pragati Grameen  Vikas Sanstha,Mahavir Ward Baraskar Colony BetulBetul460001,2151652.00
318,2016-2017,Madhya Pradesh,063270014,PRAGATI MANAV SEWA SANSTHAN,Kothi BaghRAGHOGARH473226,4830992.00
319,2016-2017,Madhya Pradesh,063310054,Pragaya Sai Lok Kalyan Nyas,Pragaya Dham Katangi Tahsil Patan JabalpurMadhya Pradesh-,635811.00
320,2016-2017,Madhya Pradesh,063160004,Prasoon,Madhya Pradesh Gandhi Bhawan Shyamala HillsBhopal-462002,3989191.25
321,2016-2017,Madhya Pradesh,063460022,Prayas The Social Welfare Society,Ankur Colony MakroniaSagar470004,0.00
322,2016-2017,Madhya Pradesh,063280034,Prem Mahendra Shiksha Avam Samaj Kalyan Parisad Trust,2/214 J.C. Mills Road Birla Nagar GwaliorMadhya Pradesh-474004,0.00
323,2016-2017,Madhya Pradesh,063160071,Prerna Service Society,Sunder Nagar H.no.112 Raisen Road Bhopal M P -,483413.00
324,2016-2017,Madhya Pradesh,063160179,Prime education society,D1Danish nagarHoshangabad roadbhopal462024,0.00
325,2016-2017,Madhya Pradesh,063160160,PRIYANSHI EDUCATIONAL CULTURAL AND SOCIAL SOCIETY,H.No. 38 Choubdarpura Road GinnouriTalliya462001,0.00
326,2016-2017,Madhya Pradesh,063180018,Priyavrat Mahila Utthan Samiti,Jawahar margtauriya house chhatarpurChhatarpur471001,0.00
327,2016-2017,Madhya Pradesh,063160011,Purnodaya Training Centre,P.B.NO. 1 Anand Nagar Bhopal       -462021,443805.00
328,2016-2017,Madhya Pradesh,063300034,Purshpkunj Family Helper Project Trust,P.O. KAasturba Gram  IndoreMP-452020,0.00
329,2016-2017,Madhya Pradesh,063440013,Qamar Ul Maariff Welfare Society,AT and P O Ashok Nagar Ward Number 24Ratlam457001,0.00
330,2016-2017,Madhya Pradesh,063330013,Quaderia Educational and Cultural Society,ItwaraBurhanpur450331,0.00
331,2016-2017,Madhya Pradesh,063160184,RAJEEV SMRITI GAS PIDIT PUNARWAS KENDRA,OLD CLAIM COURT BUILDING MLA QUARTERS RANGMAHAL NEW MARKETBHOPAL462003,0.00
332,2016-2017,Madhya Pradesh,063300112,RAMAKRISHNA MISSION,KILA MAIDANINDORE452006,6704.00
333,2016-2017,Madhya Pradesh,063280003,Ramakrishna Mission Ashrama,"Ramakrishna Mission Ashrama
Po - Ramakrishna Puri ThatipurGwalior474011",1645762.00
334,2016-2017,Madhya Pradesh,063160230,RAMBHA MAHILA EVAM SHISHU KALYAN SAMITI BHOPAL,72 zone 1 m p nagarbhopal462011,0.00
335,2016-2017,Madhya Pradesh,063280058,RATAN JYOTI CHARITABLE FOUNDATION,18 VIKAS NAGAR NEAR SAI BABA MANDIRGWALIOR474002,0.00
336,2016-2017,Madhya Pradesh,063460006,Rathore Mission Hospital,Khurai SagarMP-470117,0.00
337,2016-2017,Madhya Pradesh,063300059,Rehwa Society,Ahilya Fort Maheshwar  MP-451224,536396.00
338,2016-2017,Madhya Pradesh,063450014,REVANCHAL DALIT ADIVASI SEVA SANTHAN,H NO 87 DABHAURA AMBEDKAR NAGAR TEHSIL TYUANTHARREWA486220,0.00
339,2016-2017,Madhya Pradesh,063120016,Revival Tabernacle Fellowship,Ward No. 11 ITI Road Mission Compound BalaghatMadhya Pradesh-481001,0.00
340,2016-2017,Madhya Pradesh,063510008,Rihai Samaj Sewa Sanstha,Jhansi Road Near Chungi Naka Sharma Krishi FarmShivpuri473551,0.00
341,2016-2017,Madhya Pradesh,063560004,Ruhalya Seminary Society,P.B. No.4 Kamed Agar Road Ujjain BhindMP-456006,3482845.69
342,2016-2017,Madhya Pradesh,063340003,Rural Development & Research Foundation,228Tilakpath  IndoreMP-452004,0.00
343,2016-2017,Madhya Pradesh,063420001,Rural Development Service Society,Pushpa Social Centre PO Silwani RaisenMP-464886,702778.00
344,2016-2017,Madhya Pradesh,063360005,Rural Developmetn Institute,Jain Mohalla Garoth MandsaurMP-458880,0.00
345,2016-2017,Madhya Pradesh,063460014,Rural Environment Development Society,Brindavan Bag Gopalganj Sagar (M.P.) -470001,0.00
346,2016-2017,Madhya Pradesh,063460002,Sagar Diocesan Service Society,Bishop's House  P.B No. 32  Sagar Cantt. SagarMadhya Pradesh-470001,36137635.13
347,2016-2017,Madhya Pradesh,063460029,SAHARA JAN KALYAN SAMITI,Head Off CO Mr B K Sen Behind TCPC sasthri Ward Khurai Road SagarSAGAR470002,0.00
348,2016-2017,Madhya Pradesh,063160153,Sahara manch,H-203 Bagmugalia Extn. BhopalMadhya Pradesh-462003,0.00
349,2016-2017,Madhya Pradesh,063510011,SAHYOG SUPPORT IN DEVELOPMENT,SHRILAL KA BADA KAMLAGANJSHIVPURI473551,0.00
350,2016-2017,Madhya Pradesh,063180015,SAHYOG WELFARE SOCIETY,c/o Jai Raj Brown opp Christian HospitalMahoba RoadCHHATARPUR471001,0.00
351,2016-2017,Madhya Pradesh,063610007,SAI FOUNDATION INDIA,GRAM GOYLAKHURD INDORE ROADUJJAIN456010,383573.98
352,2016-2017,Madhya Pradesh,063480005,SAIF EDUCATION SOCIETY,HNO 3 MIRZA MARKET JUMMAPURA ASHTAASHTA466116,0.00
353,2016-2017,Madhya Pradesh,063300137,SAMAAN SOCIAL DEVELOPMENT SOCIETY,163 Alkapuri Musakhedi IndoreIndore452001,0.00
354,2016-2017,Madhya Pradesh,063300118,SAMADHAN,ST JOSEPHS CONVENT BIJALPUR POST AB ROADINDORE452012,0.00
355,2016-2017,Madhya Pradesh,063180019,Samagra Vikas Mahila Samiti,Sidh Ganesh Marg House Number 4 By 4 Chhatarpur Madhya Pradesh Pin 471001Chhatarpur471001,0.00
356,2016-2017,Madhya Pradesh,063510002,samaj kalyan chikitsa seva sanstha,Kanya vidhyalaye tekri galishivpuri(M.P.)Shivpuri473551,0.00
357,2016-2017,Madhya Pradesh,063140023,Samaj Kalyan Mandal,c/o Shri H O shuklaNear old Bacha jail Bhaggu dana Shankar Nagar Betul ganjBetul460002,0.00
358,2016-2017,Madhya Pradesh,063230006,Samaj Pragati Sahayog,"JATASHANKAR VILLAGE
BAGLI TEHSIL
DISTRICT DEWASBAGLI455227",81441386.00
359,2016-2017,Madhya Pradesh,063470005,Samaritan Social Service Society,Pateri Mahadeva SatnaMP-485002,0.00
360,2016-2017,Madhya Pradesh,063350008,Samarpan Mahila Vikas Kendra Mandla,Near Montfort School Rajeev ColonyMandla481661,0.00
361,2016-2017,Madhya Pradesh,063160220,SAMARPAN SEWA SAMITI,MIG-62 BHARTI NIKETAN GOVINDPURABHOPAL462001,0.00
362,2016-2017,Madhya Pradesh,063480007,SAMARTH IN PARTICIPATORY ACTION SOCIETY,HOUSE NO.372 OPPOSITE PANCHAMUKHI HANUMAN MANDIR NEAR POWER HOUSE CHAURAHA3SEHORE466001,2045535.00
363,2016-2017,Madhya Pradesh,063160227,Samarth Sanstha,First Floor 83 Paraspar Colony Chunabhatti BhaopalBhopal462016,0.00
364,2016-2017,Madhya Pradesh,063160073,Samarthan Centre For Development Support,36 Green Avenue  Behind Sagar CampusChunna Bhatti Bhopal.Madha Pradesh-46201,39413805.00
365,2016-2017,Madhya Pradesh,063280004,Sambhav Social Service Organisation,R.K.Puri GwaliorM.P.-474011,0.00
366,2016-2017,Madhya Pradesh,063320011,Sampark Samaj Seva Sanstha,Po Raipuria  JhabuaM.P-457775,12046410.86
367,2016-2017,Madhya Pradesh,063160171,SAMVEDNA,13 Vardhman ComplexChunabhattiBhopal-462017Bhopal462017,132200.00
368,2016-2017,Madhya Pradesh,063450004,San Thome Vincentian Society,Vincentian Ashram Padra RewaMP-486001,62682877.85
369,2016-2017,Madhya Pradesh,063160175,Sangini Mahila Kalyan Samiti,A-4 Jai Bhavani Phase-II Rohit NagarBhopal162039,2105101.00
370,2016-2017,Madhya Pradesh,063290019,SANGYA SHIKSHA EVAM SAMAJ KALYAN SAMITI,14 NARMADA NAGAR  I T I ROADHOSHANGABAD461001,0.00
371,2016-2017,Madhya Pradesh,063190022,SANJEEVANI,Village-Simariya PO-Jungawani Teh-Amarwada ChhindwaraMadhya Pradesh-,724680.00
372,2016-2017,Madhya Pradesh,063380003,Sanjeevani Service Society Narsinghpur,Chavara Complex Kheri Narsinghpur NarsinghpurMadhya Pradesh-487001,5412138.57
373,2016-2017,Madhya Pradesh,063300050,Sanjeevi Seva Sangam,Behind Satya Sai Vidya Vihar SCH No.54 Indore MP-,0.00
374,2016-2017,Madhya Pradesh,063280041,SANKALP SAMAJ SEVI SANSTHA,B-39 ASHOK VIHAR COLONY TANSEN ROADGWALIOR474002,0.00
375,2016-2017,Madhya Pradesh,063140026,Sanskar Gramothan Samiti,Village Asadi Post Office Ratanpur Tehsil ChichiliBetul460330,0.00
376,2016-2017,Madhya Pradesh,063370017,Sanskriti Sanstha,116 Gandhi ColonyMorena476001,0.00
377,2016-2017,Madhya Pradesh,063300110,SANT JOSEPH SEVIKA SANSTHA,113 NEW DEWAS ROADIndore452003,954053.90
378,2016-2017,Madhya Pradesh,063280049,SARASWATI SHAKTI PEETH SHIKSHA SAMITI,59 Vivek NagarGwalior474011,0.00
379,2016-2017,Madhya Pradesh,063320017,Sarva Hitaishi Shikshan Samiti,49 Sideshwar Colony JhabuaMadhya Pradesh-457661,0.00
380,2016-2017,Madhya Pradesh,063280051,SARVA SEVA SAMARPIT SAMITI,RAMRAJ BHAVANPreetraj colony Jaderua Road Pinto parkMorarGWALIOR474015,0.00
381,2016-2017,Madhya Pradesh,063560012,Sarvodaya Sant Lallu Dadda Jan Seva Samiti,Vill Hamirapura Post Surpura Block AterBhind477555,0.00
382,2016-2017,Madhya Pradesh,063300060,Sat Prachar Press Society,1 PWD Workshop Rd Residency Area IndoreMP-452001,0.00
383,2016-2017,Madhya Pradesh,063300075,Sat Prakashan Sanchar Kendra,P.B 507  Bhanwarkua Chousaha IndoreMP-,65502.00
384,2016-2017,Madhya Pradesh,063600006,Satguru Mission,Near Banganga Petrol PumpShahdol484001,0.00
385,2016-2017,Madhya Pradesh,063160210,Sathiya Welfare Society,A-93 First Floor Emerald Parkcity Beside Allms HospitalSaket Nagar  Bhopal462043,1175300.00
386,2016-2017,Madhya Pradesh,063470002,Satna Diocesan Society,P.B.No. 22 Bishop House Rewa Road SatnaMadhya Pradesh-485001,6052472.00
387,2016-2017,Madhya Pradesh,063160001,Satpura Integrated Rural Development Institute,E-3/E-7/60Ashoka Housing Society ShahpuraBhopal. -462016,0.00
388,2016-2017,Madhya Pradesh,063300136,SATSANG,111 POST OFFICE ROAD MHOWINDORE453441,0.00
389,2016-2017,Madhya Pradesh,063460011,Satya Shodhan Ashram,Gram Patheriya Gambhiriya SagarMP-470120,76191.00
390,2016-2017,Madhya Pradesh,063190024,SATYAKAM JANKALYAN SAMITI,VISHU NAGAR COLONY PARASIA ROAD IN FRONT OF LIC OFFICECHHINDWARA480001,0.00
391,2016-2017,Madhya Pradesh,063520010,SAVYASANCHI CENTER FOR URBAN AND RURAL DEVELOPMENT,AMAR NIKUNJ ARJUN NAGARSIDHI(m.p.)SIDHI486661,0.00
392,2016-2017,Madhya Pradesh,063340015,Sendhwa Homoeopathic Education Society's,Niwali Road Sendhwa BarwaniMadhya Pradesh-451666,0.00
393,2016-2017,Madhya Pradesh,063160142,Serv Samaj Sanskriti Seva Sangh,Sadhana-Sanchar Kalkheda PO- SurajnagarBhopal  Madhya Pradesh-462004,0.00
394,2016-2017,Madhya Pradesh,063160060,Seva Sadan Eye Hospital Trust,Behind Civil Hospital  Sant Hirdaram NagarBhopal             -462030,10624368.00
395,2016-2017,Madhya Pradesh,063160050,Sewa Bharti (Madhya Bharat),"MATRUCHHAYA (SHISHU KALYAN KENDRA)
SWAMI RAMTIRTH NAGAR INFRONT OF MAIDAMILL
HOSHANGABAD ROAD BHOPAL-462011BHOPAL462011",4347398.57
396,2016-2017,Madhya Pradesh,063300126,SEWA SARTHAK KALYAN SAMITI,CM 113 PANDIT DEENDAYAL UPADHYAY NAGAR SUKHLIYAINDORE452010,0.00
397,2016-2017,Madhya Pradesh,063430006,SEWAK  SOCIAL AND ENVIRONMENTAL WELFARE ASSOCIATION OF KHILCHIPUR,Khandelwal Compound NH 12 Bus Stand KhilchipurRajgarh465679,0.00
398,2016-2017,Madhya Pradesh,063160084,Shaheed Hemu Kalani Educational Society,Plot No- 1 Jaslok Bhawan  Hassomal Parumal  Parisar Sant Hirdaram Nagar Bhopal M. P. -,0.00
399,2016-2017,Madhya Pradesh,063510007,Shaktishali Mahila Sangthan Samiti,Near Van Ganga Mandir Chatri RoadShivpuri473551,0.00
400,2016-2017,Madhya Pradesh,063300128,SHALEM CHURCH OF GOD,170-VEENA NAGAR ANNEXINDORE452010,81964.00
401,2016-2017,Madhya Pradesh,063180002,Shalem Society,Christian English College ChhatarpurM.P.-471001,0.00
402,2016-2017,Madhya Pradesh,063310087,SHARDA BHARAT SEWA SAMITI,JDA COLONY NEW NEHRU NAGAR PLOT NO 2 B 74 BAJNA MATHJABALPUR482005,0.00
403,2016-2017,Madhya Pradesh,063500004,Sharda Shiksha Samiti,10 Nagar Palika Colony Shujalpur CityShajapur465333,360802.00
404,2016-2017,Madhya Pradesh,063160202,SHEIKH ZAKARIA MEMORIAL EDUCATION SOCIETY BHOPAL,DARUL ULOOM ZAKARIA ABBAS NAGAR WARD NO 1 NEAR AIRPORT ROADBHOPAL462036,31529.00
405,2016-2017,Madhya Pradesh,063160154,Shivam Foundation Samiti,E-5 99 Area Colony BhopalMadhya Pradesh-462016,0.00
406,2016-2017,Madhya Pradesh,063460025,Shram Shakti  Mahila Seva Sansthan,Behind Hotel Ananshree Near Private bus Stand Krishnaganj Wardsagar470001,955073.26
407,2016-2017,Madhya Pradesh,063470014,SHREE SWAMI SACHIDANAND JI PARAMHANS DHARMIK AVAM PARMARTHIK NYAS,DHARKUNDI POST SHUKWAHBIRSINGHPUR485226,5060.00
408,2016-2017,Madhya Pradesh,063470009,Shree Tulsi Peeth Seva Nyas,Amodvan Post Jankikund Chitrakoot Teh Raghuraj NagarSatna (M.P.)-210204,0.00
409,2016-2017,Madhya Pradesh,063270002,Shri Anandpur Trust,P.O. Shri Anandpur District-GunaM. P.-473338,181697438.00
410,2016-2017,Madhya Pradesh,063160216,SHRI BALMAAN MEMORIAL FOUNDATION SAMITI,17 MLA QUARTERS JAWAHAR CHOWKBHOPAL462003,0.00
411,2016-2017,Madhya Pradesh,063340018,SHRI DADA DARBAR HOSPITAL TRUST,NAV GHAT KHERI BARWAHKHARGONE451115,0.00
412,2016-2017,Madhya Pradesh,063210017,SHRI DIGAMBAR JAIN SIDDHA KSHETRA,BABE BABA MANDIR CAMPUS KUNDALGIRIKUNDALPUR470773,0.00
413,2016-2017,Madhya Pradesh,063280047,SHRI DIGEMBER JAIN ATISHAY KSHETRA GOPACHAL PARWAT SANRAKSHAK NYAS,GOPACHAL MARGNEAR PHOOLBAGGWALIOR474002,0.00
414,2016-2017,Madhya Pradesh,063560013,Shri Gahoi Shiksha Prasar Samiti,Urai Road Galla Mandi Mihona District BhindBhind477441,0.00
415,2016-2017,Madhya Pradesh,063300084,Shri Gujarati Samaj Indore,1 Nasia Road Indore (Madhya Pradesh) -452001,0.00
416,2016-2017,Madhya Pradesh,063600002,Shri Kalyan Seva Ashram Trust,Amarkantak Shahdol (Madhya Pradesh) -484886,403652.00
417,2016-2017,Madhya Pradesh,063140025,Shri Krishana Education And Social Welfare Society,Cement Road Behind Gothi And Sons Kothi BazaarBetul460001,0.00
418,2016-2017,Madhya Pradesh,063160194,SHRI MAHA MRITUNJAY GOU SEWA SADAN,KOKTA HATHAIKHEDA ANAND NAGAR BHOPALBHOPAL462003,0.00
419,2016-2017,Madhya Pradesh,063300133,SHRI MURLIDHAR KISHANGOPAL PARMARTHIK TRUST,51 SOUBHAGYA BUILDING  NEW PALASIAINDORE452001,0.00
420,2016-2017,Madhya Pradesh,063160068,Shri Sant Prakritic Chikitsa and Yoga Sansthan,One Tree Hill Saint Hirdaram Nagar Bhopal (Madhya Pradesh) -462030,0.00
421,2016-2017,Madhya Pradesh,063300135,Shri Sant Singaji Educational Society,60  Saket Nagar  IndoreINDORE452001,1007796.00
422,2016-2017,Madhya Pradesh,063160161,Shri Shri Ma Anandmayee Upvan Shiksha Samiti,Shri Shri Ma Anandmayee Ashram Old Dairy Farm BairagarhBhopal462030,105385.00
423,2016-2017,Madhya Pradesh,063300103,Shri Vivekanand Shiksha Nyas,Vivekanand Puram Airodrum Road Gram Chhota BangardaIndore452005,0.00
424,2016-2017,Madhya Pradesh,063160218,Shubham Vikalng Evam Samaj Seva Samiti,13Kousar MasjidChiklod RoadJehangirabadBhopal462008,0.00
425,2016-2017,Madhya Pradesh,063160135,Shuruaat,B-155m Shahpura BhopalMadhya Pradesh-462039,16681.17
426,2016-2017,Madhya Pradesh,063160014,Sister of the Cross Pension Bada Society,591 C/3 'B' Sector B.H.E.L.Bhopal             -462021,0.00
427,2016-2017,Madhya Pradesh,063160099,Sisters of Benedictine Sisters of St. Lioba,Ahinsa Vihar Colony  Ayodhya Nagar By PassBhopal M.P.-462041,10622942.75
428,2016-2017,Madhya Pradesh,063230005,Sisters of Our Lady of the Garden,Divya Sadan SankatchDewas (M.P.)-455158,9136044.00
429,2016-2017,Madhya Pradesh,063420005,SIYAWAS SWAVLAMBI SAMAJ SEVI SANSTHA,NEW TEACHERS COLONY INFRONT OF DURGA MANDIRBEGUMGANJ464881,0.00
430,2016-2017,Madhya Pradesh,063160199,SKY HIGH EDUCATION AND WELFARE SOCIETY,03 VIP ROAD ASIF VILLA KOH E FIZA BHOPALBHOPAL462003,0.00
431,2016-2017,Madhya Pradesh,063270013,SMT SUSHEEL GYAN SHIKSHA PRACHAR PRASAR SAMITEE,RAGHUVANSHI COLONY INFRONT OF TELEPHONE EXCHANGEGUNA473001,791338.00
432,2016-2017,Madhya Pradesh,063560014,SMT. BHAGWANTI BAI SHIKSHA PRASHAR SAMITI,BRAHMAPURI CHATURVEDI NAGAR BHINDBHIND477001,0.00
433,2016-2017,Madhya Pradesh,063360008,Smt. Kamla Saklecha Gyan Mandir Shiksha  Samiti,Bhanpura MandsaurM.P.-458775,606839.00
434,2016-2017,Madhya Pradesh,063160126,Sneh Heart Society,Pushp Vidhyalay Sarvadharm A- Sector Dhamkheda Kolar RoadBhopal Bhopal-462042,5613691.00
435,2016-2017,Madhya Pradesh,063310029,Sneh Niketan Hostel,P.B.43 Gwarihat Road JabalpurMP-482001,0.00
436,2016-2017,Madhya Pradesh,063310007,Sneh Niketan School,P.B.No.43 Gwarihat Rd JabalpurMP-482001,0.00
437,2016-2017,Madhya Pradesh,063160127,Sneh Parivaar,Senior L.I.G.-2 Harshwardhan Nagar BhopalMadhya Pradesh-462003,362185.00
438,2016-2017,Madhya Pradesh,063300002,Social Welfare Centre,Road No.12 Nand Nagar Indore Madhya Pradesh.-452003,11012756.00
439,2016-2017,Madhya Pradesh,063610008,SOCIETY FOR ADVOCACY AND REFORMS,32 SHIV KRIPA SBI COLONY DEWAS ROAD UJJAINUJJAIN456010,0.00
440,2016-2017,Madhya Pradesh,063140010,Society for Participatory Action,5Abika Colony Kasturba Ward  Seoni (M.P.)-480661,0.00
441,2016-2017,Madhya Pradesh,063310050,Society For Resource Integration And Development Action,Barela Mandla Road JabalpurMadhya Pradesh-,0.00
442,2016-2017,Madhya Pradesh,063160058,Society of Divine Providence,Kurana Santi Nagar BhopalMadhya Pradesh-462030,26135940.79
443,2016-2017,Madhya Pradesh,063160090,Society of Pilar Bhopal,Pilar Fathers GPO Box No.63 BhopalMadhya Pradesh-462001,14465824.65
444,2016-2017,Madhya Pradesh,063560009,Society of Sacred Heart Sisters,Pushpa Mission Compound UjjainMP-456010,8163185.00
445,2016-2017,Madhya Pradesh,063460016,Society of Sister of Jesus,P.B. No. 17 Sagar CantSagar (Madhya Pradesh)-470001,14065579.20
446,2016-2017,Madhya Pradesh,063420003,Society of sisters of St Francis Raisen,Vidisha Road RaisenMP-464551,24216607.00
447,2016-2017,Madhya Pradesh,063160023,Society of the Poor Sisters of Our Lady,St. Mary's Convent School 1250 QuartersTulsi NagarBhopal-462005,0.00
448,2016-2017,Madhya Pradesh,063160170,SOCIETY TO SERVE,LIG - 216 BHARTI NIKETAN GOVINDPURA BHOPALBHOPAL462023,0.00
449,2016-2017,Madhya Pradesh,063270003,Sonali Public Shiksha Samiti,Gurdwara Road Punjabi Mohalla GunaMadhya Pradesh-,0.00
450,2016-2017,Madhya Pradesh,063330015,Spandan Samaj Seva Samiti,HIG 44 RamnagarKhandwa450001,1558721.00
451,2016-2017,Madhya Pradesh,063290005,Sri Bajrang Das Kuti,Chipaner Hosangabad -471228,116547.00
452,2016-2017,Madhya Pradesh,063500002,Sri Ramakrishna Vivekanand Sevashram,Mai Ki Bagia Amarkantak ShadolMP-,0.00
453,2016-2017,Madhya Pradesh,063520001,Srijan Lokhit Samiti,Navjeevan Vihar VIndya Nagar SidhiMP-486885,0.00
454,2016-2017,Madhya Pradesh,063350012,SRIJAN SAMAJ VIKAS SAMITI,NEAR POLYTECHNIC COLLEGE RAJEEV COLONY DEODARAMANDLA481661,0.00
455,2016-2017,Madhya Pradesh,063340005,St Augustine Social Service Society,Elizabeth Sadan Sendghwa KhargoneMP.-,11557178.74
456,2016-2017,Madhya Pradesh,063470008,St. Ephrem's Theological College (Seminary) Trust,St. Ephrem's Seminary Chaurakhurd (Barakala) Kothi RoadSatna (Madhya Pradesh)-,3504275.00
457,2016-2017,Madhya Pradesh,063460007,St. Francis Society,St. Francis Boarding Sampura SagarMP-470001,3519265.04
458,2016-2017,Madhya Pradesh,063300019,St. Gabriel Shiksha Cum Samaj Sanstha,60 Suradhamand Marg Indore -,0.00
459,2016-2017,Madhya Pradesh,063300107,St. GIANELLIS SOCIAL SERVICE SOCIETY,MARIA SADAN Govt. COLLEGE KHANDWA NAKAINDORE452017,1923035.00
460,2016-2017,Madhya Pradesh,063160026,St. Johns E.L.Church E.L.C  In M.P.,D-Sector  Govindpura BHELBhopal Madhya Pradesh-462023,164954.00
461,2016-2017,Madhya Pradesh,063300048,St. Raphaels Higher Secondary School,15 Old Sehore Road IndoreMP-452001,0.00
462,2016-2017,Madhya Pradesh,063300031,St. Raphels Convent,15Old Sehore Road IndoreMP-452001,0.00
463,2016-2017,Madhya Pradesh,063300054,St. Thomas Seminary,152 S.P.O. Road MhowMP-453441,1082864.00
464,2016-2017,Madhya Pradesh,063160087,Su-Samachar Seva Mandal,Post Box No. (-22)  Piplani  District- BhopalMadhya Pradesh-,6614327.10
465,2016-2017,Madhya Pradesh,063280060,SUBHLAXMI SOCIAL WELFARE SAMITI,85/1 BALA BAI KA BAZAR NEAR SABZI MANDILASHKARGWALIOR474001,0.00
466,2016-2017,Madhya Pradesh,063280043,Suman siksha yevam samaj kalyan samiti,Patel house rasoolabad hazira gwaliorgwalior474003,0.00
467,2016-2017,Madhya Pradesh,063160034,SVD Vidya Bhawan,Asha Niketan Campus Arera ColonyBhopal            -462016,3793898.00
468,2016-2017,Madhya Pradesh,063160085,Swami Vivekanand Shiksha Samiti,M-20/3-A SAKET NAGAR BHOPAL MADHYA PRADESH - 462024BHOPAL462024,1704636.00
469,2016-2017,Madhya Pradesh,063160213,SWARGIYA KAMTA PRASAD MEMORIAL SHIKSHAN SAMITI,LIG 29 LUMBNI PARISAR AMBEDKAR NAGAR  MATA MANDIRBHOPAL462001,0.00
470,2016-2017,Madhya Pradesh,063610009,Swastik Mahila Udyog Sahakari Samiti Myt,HIG-3 muni nagar ujjainujjain456010,0.00
471,2016-2017,Madhya Pradesh,063160188,SWAYAM SIDDHA SIDDHANT SEWA AVAM SHIKSHA SAMITI  ITC,A-135  Housing Board Colony  Aishbagh StadiumBhopal462010,0.00
472,2016-2017,Madhya Pradesh,063300116,Synergy Sansthan,B 6 Deen Dyal Parsar Rly Mal Godam District Harda MPHarda461331,2294923.00
473,2016-2017,Madhya Pradesh,063300009,T. Choithram Fndation,30 Godha Colony Manik BaghIndore-452001,0.00
474,2016-2017,Madhya Pradesh,063310041,Tarun Sanskar,1784 Ranjhi Azad Nagar JabalpurMP-482005,3320300.00
475,2016-2017,Madhya Pradesh,063160028,The Bhopal Campion School Society,E-6 Arera Colony   Bhopal         -462016,0.00
476,2016-2017,Madhya Pradesh,063160134,The Blind Relif Association,1250 Hospital Shivaji Nagar (Near J.P. Hospital)BhopalM.P-462016,0.00
477,2016-2017,Madhya Pradesh,063160049,The Capuchin Friars Minor Society,Vianney Sadan D-47MIG Nehru Nagar HusurBhopal,0.00
478,2016-2017,Madhya Pradesh,063280016,The Catholic Diocese of Gwalior,Bishops House Lashkar GwaliorMadhya Pradesh-,15796169.00
479,2016-2017,Madhya Pradesh,063310004,The Diocesan Corporation of Jabalpur,1 Ahilya Bai Marg Bishop House JabalpurMadhya Pradesh-482001,18821986.00
480,2016-2017,Madhya Pradesh,063560001,The Diocese of Ujjain,Catholic Church Compound UjjainMadhya Pradesh-456010,5387054.00
481,2016-2017,Madhya Pradesh,063300005,THE DIVINE WORD SOCIETY,P.B. No. 106 IndoreMadhya Pradesh-,38235590.39
482,2016-2017,Madhya Pradesh,063310060,The Franciscan Sisters of Mary,St. Norbert's Convent 65 Napier Town JabalpurJabalpur (Madhya Pradesh)-482002,500000.00
483,2016-2017,Madhya Pradesh,063300046,The Indore Pentecostal Church of God,52B Vandana Nagar IndoreM.P. -452001,0.00
484,2016-2017,Madhya Pradesh,063310059,The Jabalpur Diocesan Educational Society,Bishop's House 1 Ahailabai Marg Sadar JabalpurJabalpur (Madhya Pradesh)-482001,0.00
485,2016-2017,Madhya Pradesh,063490004,The Mission Council of the Free Church of Scotland,Prem Nagar JabalpurMP-,1343832.86
486,2016-2017,Madhya Pradesh,063440003,The New Life Centre (FC),Banjli Sailana Road RatlamMP-457001,16449.00
487,2016-2017,Madhya Pradesh,063140003,The School & Reh. Centre for the Blind,P.O.Padhar   Betul (M.P.)-460005,2854829.00
488,2016-2017,Madhya Pradesh,063270001,The Sisters of St.  Elizabeth,Elizabeth Niketan Libodi Kasturba GramIndore-452020,4216910.00
489,2016-2017,Madhya Pradesh,063160173,THE SOCIETY OF MOTHER OF SORROWS SERVANTS OF MARY  MARIA MANDAL,SERVITE REGIONAL HOUSE 278 KALPANA NAGAR RAISEN ROADBHOPAL462021,0.00
490,2016-2017,Madhya Pradesh,063310019,The Society of the Abbey of Berne (India),1 Jamtara St.Norbert Abbey Gour RiverJabalpur482001,25837639.00
491,2016-2017,Madhya Pradesh,063160181,Towards Action And Learning (TAAL),E 4/9 Arera ColonyBhopal462016,0.00
492,2016-2017,Madhya Pradesh,063140021,UDAAN SOCIAL WELFARE DEVELOPMENT ORGANIZATION,71 Amaltas Colony phase II ChunabhattiBhopal462016,0.00
493,2016-2017,Madhya Pradesh,063160178,UDAY SOCIAL DEVELOPMENT SOCIETY,86/2 Jatkhedi Misrod P.OBhopal462026,5547411.25
494,2016-2017,Madhya Pradesh,063630002,UDYANSH GRAMIN SAMAJ SEWA SAMITI,Gopi Vihar Colony ThikriDistrict Barwani451660,5099727.00
495,2016-2017,Madhya Pradesh,063560007,Ujjain Charitable Trust Hospital & Research Centre,50 Kashir Sagar Cly Mahadik Niwas  Ujjain BhindMP-456006,20748359.00
496,2016-2017,Madhya Pradesh,063610011,Ujjain Yoga Life Society,Yog Bhawan Kothi Road Opp. Kalidas Academy.Ujjain456010,7256658.00
497,2016-2017,Madhya Pradesh,063560005,Ujjaini Senior Citizens Forum,Madhav Nagar Ujjain BhindM.P.-,0.00
498,2016-2017,Madhya Pradesh,063300097,Vama Jankalyan Sewa Samiti,59-A Vaishali Nagar Annapurna RoadIndore M.P>-452009,0.00
499,2016-2017,Madhya Pradesh,063310080,VANDAN PUNARVAS EVAM ANUSANDHAN SANSTHAN,HIRA KUNJ 1109 C VIJAY NAGARJABLPUR482002,0.00
500,2016-2017,Madhya Pradesh,063240008,Vasudha Vikas Sansthan`,26 Sharad Chandra Marg DharMadhya Pradesh-454001,0.00
501,2016-2017,Madhya Pradesh,063230014,Vibhavari,172 Sun City-1 Bawadia AB roadDewas455001,0.00
502,2016-2017,Madhya Pradesh,063160195,VIDHARTHI SEWA JAN KALYAN SAMITI,H N  232  NEAR AMBRIL SCHOOL PUTLIGHAR SHAHJAHANABADBHOPAL462001,0.00
503,2016-2017,Madhya Pradesh,063620002,vidisha social welfare organisation,raghu sadan ram dwara vidisha(m.p)vidishaVidisha(Dist)Madhya PradeshVidisha(Dist)Madhya Pradesh -Vidisha(Dist)Madhya Pradesh464001,191640.00
504,2016-2017,Madhya Pradesh,063550003,Vikalp,Village and Post Madiya TikamgarhMadhya Pradesh-472336,0.00
505,2016-2017,Madhya Pradesh,063630001,VIKALP SAMAJIK SANSTHA,5 DHRISHTI BHAWAN GRAM POST BILWA ROAD ANJAD TEH THIKRIBARWANI451556,0.00
506,2016-2017,Madhya Pradesh,063300027,Vikas Anusandhan Evan Shaikshnik Pragati,Simrol  IndoreMP-452020,0.00
507,2016-2017,Madhya Pradesh,063600005,VIKAS MYTRI  SISTERS OF St. JOSEPH OF TARBES,Joseph Nagar Manendragarh Road Kotma (Post)Anuppur484334,698755.00
508,2016-2017,Madhya Pradesh,063190016,Vikas Samiti,Rajiv Bindra Shanichra Bazar Near Over Head Water TankChhindwaraM.P.-480001,725480.00
509,2016-2017,Madhya Pradesh,063160176,Vikas Samvad Samiti,E-7/21Ashoka Society Arera ColonyBhopal462016,13490505.23
510,2016-2017,Madhya Pradesh,063310078,VIKLANG SEVA BHARTI,Banergi Bhawan  321Tilak Ward  GalgalaJABALPUR482002,0.00
511,2016-2017,Madhya Pradesh,063560011,Vimal Shiksha Samiti,H.nO.56 Galla Mandi BhindMadhya Pradesh-477001,0.00
512,2016-2017,Madhya Pradesh,063450002,Vincentian Ashram,Padra  RewaMP-486001,0.00
513,2016-2017,Madhya Pradesh,063450003,Vincentian Minor Seminary Agricultural College, RewaMP-486001,0.00
514,2016-2017,Madhya Pradesh,063160169,VISION SHIKSHA EVAM KALYAN SAMITI,357 KALPANA NAGAR PIPLANIBHOPAL462021,1233864.00
515,2016-2017,Madhya Pradesh,063160201,VIVEKANAND VICHARDHAM SHIKSHA EVAM SAMAJ KALYAN SAMITI,MAA ANNAPURNA MANDIR PARISAR ACHARYA NARENDRADEV NAGAR OLD SUBHASH NAGARBHOPAL462023,0.00
516,2016-2017,Madhya Pradesh,063350014,WOMEN S ORGANIZATION FOR RESEARCH LEADERSHIP AND DEVELOPMENT,HOUSE  NO. 15 TELEBA TOLA  WARD NO 8NAINPUR481776,0.00
517,2016-2017,Madhya Pradesh,063310055,Xavier Inst. of Dev. & Studies,Sneh Sadan   Campus 599South Civil Lines P.O.Box-5Jabalpur M.P.-482001,0.00
518,2016-2017,Madhya Pradesh,063160228,YOUTH LIFE LINE EDUCATION SOCIETY,F-17 SILVER LINE APARTMENT KOH-E-FIZABHOPAL462001,0.00
519,2016-2017,Madhya Pradesh,063290013,Yukti Samaj Sewa Society,Near Dainik Jagran Office Ghoda Safeel Ghat Sadar BazarHoshangabad Madhya Pradesh-461001,0.00
520,2016-2017,Madhya Pradesh,063160205,Zion Education And Social Welfare Society,FF Seventeen Alaknanda Complex Zone one M P NagarBhopal462003,0.00
